Airline,Origin,Destination,Total_Delay,Latitude_OR,Longitude_OR,Latitude_DEST,Longitude_DEST
UA,BHM,SFO,145,33.56290054,-86.75350189,37.61899948120117,-122.375
UA,AGS,ATL,134,33.36989974975586,-81.9645004272461,33.6367,-84.428101
UA,IAH,AGS,128.2,29.984399795532227,-95.34140014648438,33.36989974975586,-81.9645004272461
UA,OMA,EWR,117.12,41.3032,-95.894096,40.692501068115234,-74.168701171875
UA,MSP,PVD,85.2,44.882,-93.221802,41.732601,-71.420403
UA,EWR,BWI,76.2,40.692501068115234,-74.168701171875,39.1754,-76.668297
UA,BTR,DCA,73.73,30.533199,-91.149597,38.8521,-77.037697
UA,BTV,IAD,65.8,44.471900939899996,-73.15329742429999,38.94449997,-77.45580292
UA,MSP,PHL,62.2,44.882,-93.221802,39.87189865112305,-75.24109649658203
UA,AVL,EWR,56.73,35.43619918823242,-82.54180145263672,40.692501068115234,-74.168701171875
UA,MEM,EWR,51.16,35.04240036010742,-89.97669982910156,40.692501068115234,-74.168701171875
UA,PIT,EWR,47.99,40.49150085,-80.23290253,40.692501068115234,-74.168701171875
UA,FSD,ORD,47.26,43.582000732400004,-96.741897583,41.9786,-87.9048
UA,LAX,RNO,45.87,33.94250107,-118.4079971,39.49909973144531,-119.76799774169922
UA,BZN,EWR,45.59,45.77750015,-111.1529999,40.692501068115234,-74.168701171875
UA,EWR,ANC,45.06,40.692501068115234,-74.168701171875,61.174400329589844,-149.99600219726562
UA,IND,EWR,44.22,39.7173,-86.294403,40.692501068115234,-74.168701171875
UA,IAH,SDF,42.72,29.984399795532227,-95.34140014648438,38.1744,-85.736
UA,EGE,EWR,42.04,39.64260101,-106.9179993,40.692501068115234,-74.168701171875
UA,JAC,EWR,41.88,43.6072998046875,-110.73799896240234,40.692501068115234,-74.168701171875
UA,EWR,STL,39.26,40.692501068115234,-74.168701171875,38.748697,-90.370003
UA,MSN,BOS,37.8,43.13990020751953,-89.3375015258789,42.36429977,-71.00520325
UA,GSP,SFO,37,34.8956985474,-82.2189025879,37.61899948120117,-122.375
UA,SLC,EWR,36.94,40.78839874267578,-111.97799682617188,40.692501068115234,-74.168701171875
UA,IAH,RIC,36.5,29.984399795532227,-95.34140014648438,37.50519943237305,-77.3197021484375
UA,BOS,ATL,35.8,42.36429977,-71.00520325,33.6367,-84.428101
UA,EWR,CVG,35.69,40.692501068115234,-74.168701171875,39.0488014221,-84.6678009033
UA,SDF,EWR,35.37,38.1744,-85.736,40.692501068115234,-74.168701171875
UA,OKC,ORD,33.69,35.39310073852539,-97.60070037841797,41.9786,-87.9048
UA,EWR,MCI,33.31,40.692501068115234,-74.168701171875,39.2976,-94.713898
UA,ORD,TUL,31.73,41.9786,-87.9048,36.19839859008789,-95.88809967041016
UA,ORD,RNO,31.13,41.9786,-87.9048,39.49909973144531,-119.76799774169922
UA,SJC,LAS,31.1,37.362598,-121.929001,36.08010101,-115.1520004
UA,DEN,RDM,30.67,39.861698150635,-104.672996521,44.2541008,-121.1500015
UA,PNS,ORD,30.55,30.473400115967,-87.186599731445,41.9786,-87.9048
UA,CMH,SFO,29.8,39.998001,-82.891899,37.61899948120117,-122.375
UA,TVC,ORD,29.71,44.74140167236328,-85.58219909667969,41.9786,-87.9048
UA,EWR,SMF,29.45,40.692501068115234,-74.168701171875,38.69540023803711,-121.59100341796875
UA,MIA,SFO,29.25,25.79319953918457,-80.29060363769531,37.61899948120117,-122.375
UA,DTW,SFO,28.85,42.212398529052734,-83.35340118408203,37.61899948120117,-122.375
UA,JAX,EWR,28.85,30.49410057067871,-81.68789672851562,40.692501068115234,-74.168701171875
UA,EGE,IAD,28.65,39.64260101,-106.9179993,38.94449997,-77.45580292
UA,SFO,BHM,28.2,37.61899948120117,-122.375,33.56290054,-86.75350189
UA,TYS,EWR,28.13,35.81100082,-83.9940033,40.692501068115234,-74.168701171875
UA,LAX,MSY,28.01,33.94250107,-118.4079971,29.99340057373047,-90.25800323486328
UA,EWR,DCA,27.72,40.692501068115234,-74.168701171875,38.8521,-77.037697
UA,EGE,ORD,27.54,39.64260101,-106.9179993,41.9786,-87.9048
UA,COS,DEN,27.52,38.805801,-104.700996,39.861698150635,-104.672996521
UA,MSP,BOS,27.5,44.882,-93.221802,42.36429977,-71.00520325
UA,SDF,IAH,27.43,38.1744,-85.736,29.984399795532227,-95.34140014648438
UA,EWR,IND,27.36,40.692501068115234,-74.168701171875,39.7173,-86.294403
UA,HDN,EWR,27.06,40.48120117,-107.2180023,40.692501068115234,-74.168701171875
UA,EWR,PVD,26.88,40.692501068115234,-74.168701171875,41.732601,-71.420403
UA,SAV,IAD,26.67,32.12760162,-81.20210266,38.94449997,-77.45580292
UA,MSP,EWR,26.41,44.882,-93.221802,40.692501068115234,-74.168701171875
UA,EWR,BQN,26.08,40.692501068115234,-74.168701171875,18.49489974975586,-67.12940216064453
UA,LAS,PHX,25.9,36.08010101,-115.1520004,33.43429946899414,-112.01200103759766
UA,DEN,FAI,25.76,39.861698150635,-104.672996521,64.81510162,-147.8560028
UA,FAI,ORD,25.52,64.81510162,-147.8560028,41.9786,-87.9048
UA,ORD,DLH,25.39,41.9786,-87.9048,46.8420982361,-92.19360351559999
UA,EWR,PWM,25.31,40.692501068115234,-74.168701171875,43.64619827,-70.30930328
UA,EWR,CLT,25.22,40.692501068115234,-74.168701171875,35.2140007019043,-80.94309997558594
UA,LAS,SMF,25,36.08010101,-115.1520004,38.69540023803711,-121.59100341796875
UA,IAD,MCI,24.83,38.94449997,-77.45580292,39.2976,-94.713898
UA,BQN,EWR,24.32,18.49489974975586,-67.12940216064453,40.692501068115234,-74.168701171875
UA,ANC,IAH,24.02,61.174400329589844,-149.99600219726562,29.984399795532227,-95.34140014648438
UA,ORD,TVC,23.27,41.9786,-87.9048,44.74140167236328,-85.58219909667969
UA,IAD,MSP,23.25,38.94449997,-77.45580292,44.882,-93.221802
UA,BOS,MSP,23.2,42.36429977,-71.00520325,44.882,-93.221802
UA,IAD,PWM,23.16,38.94449997,-77.45580292,43.64619827,-70.30930328
UA,IAD,EWR,22.96,38.94449997,-77.45580292,40.692501068115234,-74.168701171875
UA,IAD,PHL,22.91,38.94449997,-77.45580292,39.87189865112305,-75.24109649658203
UA,EWR,BTV,22.81,40.692501068115234,-74.168701171875,44.471900939899996,-73.15329742429999
UA,MYR,ORD,22.48,33.6796989441,-78.9282989502,41.9786,-87.9048
UA,BGR,ORD,22.29,44.80739974975586,-68.8281021118164,41.9786,-87.9048
UA,AUS,EWR,21.86,30.194499969482422,-97.6698989868164,40.692501068115234,-74.168701171875
UA,EWR,MKE,21.84,40.692501068115234,-74.168701171875,42.947200775146484,-87.89659881591797
UA,DCA,EWR,21.76,38.8521,-77.037697,40.692501068115234,-74.168701171875
UA,ATL,EWR,21.72,33.6367,-84.428101,40.692501068115234,-74.168701171875
UA,CLT,EWR,21.16,35.2140007019043,-80.94309997558594,40.692501068115234,-74.168701171875
UA,PBI,EWR,20.63,26.68320083618164,-80.09559631347656,40.692501068115234,-74.168701171875
UA,EWR,ROC,20.43,40.692501068115234,-74.168701171875,43.118900299072266,-77.67240142822266
UA,MSP,IAD,20.42,44.882,-93.221802,38.94449997,-77.45580292
UA,ORD,EWR,19.85,41.9786,-87.9048,40.692501068115234,-74.168701171875
UA,EWR,MSP,19.74,40.692501068115234,-74.168701171875,44.882,-93.221802
UA,ANC,EWR,19.62,61.174400329589844,-149.99600219726562,40.692501068115234,-74.168701171875
UA,BNA,EWR,19.23,36.1245002746582,-86.6781997680664,40.692501068115234,-74.168701171875
UA,EWR,PIT,19.22,40.692501068115234,-74.168701171875,40.49150085,-80.23290253
UA,RNO,ORD,19.01,39.49909973144531,-119.76799774169922,41.9786,-87.9048
UA,MSY,EWR,18.86,29.99340057373047,-90.25800323486328,40.692501068115234,-74.168701171875
UA,MYR,EWR,18.85,33.6796989441,-78.9282989502,40.692501068115234,-74.168701171875
UA,ORD,PWM,18.55,41.9786,-87.9048,43.64619827,-70.30930328
UA,EWR,PDX,18.44,40.692501068115234,-74.168701171875,45.58869934,-122.5979996
UA,ORD,FAI,18.26,41.9786,-87.9048,64.81510162,-147.8560028
UA,EWR,BUF,18.2,40.692501068115234,-74.168701171875,42.94049835,-78.73220062
UA,ATL,LAX,18.12,33.6367,-84.428101,33.94250107,-118.4079971
UA,RSW,EWR,18.12,26.53619956970215,-81.75520324707031,40.692501068115234,-74.168701171875
UA,SJU,EWR,18.05,18.4393997192,-66.0018005371,40.692501068115234,-74.168701171875
UA,ORD,RIC,17.96,41.9786,-87.9048,37.50519943237305,-77.3197021484375
UA,DFW,EWR,17.9,32.896801,-97.038002,40.692501068115234,-74.168701171875
UA,BNA,ORD,17.76,36.1245002746582,-86.6781997680664,41.9786,-87.9048
UA,FLL,EWR,17.72,26.072599,-80.152702,40.692501068115234,-74.168701171875
UA,IAH,CVG,17.71,29.984399795532227,-95.34140014648438,39.0488014221,-84.6678009033
UA,DEN,EWR,17.63,39.861698150635,-104.672996521,40.692501068115234,-74.168701171875
UA,MIA,EWR,17.59,25.79319953918457,-80.29060363769531,40.692501068115234,-74.168701171875
UA,SFO,SBA,17.58,37.61899948120117,-122.375,34.42620087,-119.8399963
UA,MCI,EWR,17.56,39.2976,-94.713898,40.692501068115234,-74.168701171875
UA,SRQ,EWR,17.54,27.39539909362793,-82.55439758300781,40.692501068115234,-74.168701171875
UA,ORD,SFO,17.48,41.9786,-87.9048,37.61899948120117,-122.375
UA,ORD,MDT,17.37,41.9786,-87.9048,40.1935005188,-76.7633972168
UA,EWR,CLE,17.3,40.692501068115234,-74.168701171875,41.4117012024,-81.8498001099
UA,SFO,CMH,17.28,37.61899948120117,-122.375,39.998001,-82.891899
UA,EWR,SJC,17.16,40.692501068115234,-74.168701171875,37.362598,-121.929001
UA,EWR,BOS,17.03,40.692501068115234,-74.168701171875,42.36429977,-71.00520325
UA,TUS,ORD,17.03,32.1161003112793,-110.94100189208984,41.9786,-87.9048
UA,ORD,GEG,16.98,41.9786,-87.9048,47.61989974975586,-117.53399658203125
UA,RNO,LAX,16.8,39.49909973144531,-119.76799774169922,33.94250107,-118.4079971
UA,IAH,EWR,16.71,29.984399795532227,-95.34140014648438,40.692501068115234,-74.168701171875
UA,BNA,SFO,16.54,36.1245002746582,-86.6781997680664,37.61899948120117,-122.375
UA,ORD,SMF,16.48,41.9786,-87.9048,38.69540023803711,-121.59100341796875
UA,TPA,EWR,16.45,27.975500106811523,-82.533203125,40.692501068115234,-74.168701171875
UA,PVD,MSP,16.4,41.732601,-71.420403,44.882,-93.221802
UA,PHL,SFO,16.36,39.87189865112305,-75.24109649658203,37.61899948120117,-122.375
UA,MCO,EWR,16.22,28.429399490356445,-81.30899810791016,40.692501068115234,-74.168701171875
UA,SAV,ORD,16.2,32.12760162,-81.20210266,41.9786,-87.9048
UA,FAT,ORD,16.16,36.77619934082031,-119.71800231933594,41.9786,-87.9048
UA,ORD,PVD,16.13,41.9786,-87.9048,41.732601,-71.420403
UA,EWR,ORD,16.1,40.692501068115234,-74.168701171875,41.9786,-87.9048
UA,IAD,CVG,16.01,38.94449997,-77.45580292,39.0488014221,-84.6678009033
UA,MSY,IAD,15.99,29.99340057373047,-90.25800323486328,38.94449997,-77.45580292
UA,DEN,SFO,15.99,39.861698150635,-104.672996521,37.61899948120117,-122.375
UA,MSY,SFO,15.88,29.99340057373047,-90.25800323486328,37.61899948120117,-122.375
UA,ORD,SYR,15.87,41.9786,-87.9048,43.11119842529297,-76.1063003540039
UA,IAH,MAF,15.58,29.984399795532227,-95.34140014648438,31.9424991607666,-102.2020034790039
UA,EWR,DFW,15.47,40.692501068115234,-74.168701171875,32.896801,-97.038002
UA,CVG,SFO,15.3,39.0488014221,-84.6678009033,37.61899948120117,-122.375
UA,EWR,SFO,15.26,40.692501068115234,-74.168701171875,37.61899948120117,-122.375
UA,EWR,SLC,15.22,40.692501068115234,-74.168701171875,40.78839874267578,-111.97799682617188
UA,FCA,ORD,15.21,48.31050109863281,-114.25599670410156,41.9786,-87.9048
UA,DTW,IAD,15.18,42.212398529052734,-83.35340118408203,38.94449997,-77.45580292
UA,EWR,BDL,15.14,40.692501068115234,-74.168701171875,41.9388999939,-72.68319702149999
UA,PBI,ORD,15.11,26.68320083618164,-80.09559631347656,41.9786,-87.9048
UA,ORD,LGA,14.94,41.9786,-87.9048,40.77719879,-73.87259674
UA,STL,ORD,14.92,38.748697,-90.370003,41.9786,-87.9048
UA,EWR,BNA,14.9,40.692501068115234,-74.168701171875,36.1245002746582,-86.6781997680664
UA,IAH,ICT,14.86,29.984399795532227,-95.34140014648438,37.649899,-97.433098
UA,PSP,SFO,14.7,33.8297004699707,-116.50700378417969,37.61899948120117,-122.375
UA,ORD,FAT,14.67,41.9786,-87.9048,36.77619934082031,-119.71800231933594
UA,EWR,SJU,14.57,40.692501068115234,-74.168701171875,18.4393997192,-66.0018005371
UA,RDU,EWR,14.45,35.877601623535156,-78.7874984741211,40.692501068115234,-74.168701171875
UA,BGR,EWR,14.3,44.80739974975586,-68.8281021118164,40.692501068115234,-74.168701171875
UA,EWR,IAD,14.26,40.692501068115234,-74.168701171875,38.94449997,-77.45580292
UA,EWR,RDU,14.26,40.692501068115234,-74.168701171875,35.877601623535156,-78.7874984741211
UA,DTW,EWR,14.23,42.212398529052734,-83.35340118408203,40.692501068115234,-74.168701171875
UA,ORD,CID,13.86,41.9786,-87.9048,41.884700775146484,-91.71080017089844
UA,EWR,PBI,13.84,40.692501068115234,-74.168701171875,26.68320083618164,-80.09559631347656
UA,EGE,IAH,13.82,39.64260101,-106.9179993,29.984399795532227,-95.34140014648438
UA,SFO,OMA,13.81,37.61899948120117,-122.375,41.3032,-95.894096
UA,EUG,SFO,13.72,44.12459945678711,-123.21199798583984,37.61899948120117,-122.375
UA,DEN,BUR,13.71,39.861698150635,-104.672996521,34.20069885253906,-118.35900115966797
UA,BOS,EWR,13.71,42.36429977,-71.00520325,40.692501068115234,-74.168701171875
UA,ORD,BUF,13.71,41.9786,-87.9048,42.94049835,-78.73220062
UA,IAD,HNL,13.67,38.94449997,-77.45580292,21.32062,-157.924228
UA,SNA,SFO,13.65,33.67570114,-117.8679962,37.61899948120117,-122.375
UA,EWR,SEA,13.51,40.692501068115234,-74.168701171875,47.449001,-122.308998
UA,TUL,ORD,13.5,36.19839859008789,-95.88809967041016,41.9786,-87.9048
UA,EWR,MIA,13.47,40.692501068115234,-74.168701171875,25.79319953918457,-80.29060363769531
UA,SFO,MCI,13.41,37.61899948120117,-122.375,39.2976,-94.713898
UA,ABQ,ORD,13.38,35.040199,-106.609001,41.9786,-87.9048
UA,EWR,MSY,13.36,40.692501068115234,-74.168701171875,29.99340057373047,-90.25800323486328
UA,EWR,FLL,13.29,40.692501068115234,-74.168701171875,26.072599,-80.152702
UA,ATL,SFO,13.23,33.6367,-84.428101,37.61899948120117,-122.375
UA,ORD,ICT,13.21,41.9786,-87.9048,37.649899,-97.433098
UA,LAS,SJC,13.2,36.08010101,-115.1520004,37.362598,-121.929001
UA,ORD,GRR,13.17,41.9786,-87.9048,42.88079834,-85.52279663
UA,IAH,SFO,13.12,29.984399795532227,-95.34140014648438,37.61899948120117,-122.375
UA,SFO,BOS,13.02,37.61899948120117,-122.375,42.36429977,-71.00520325
UA,ORD,ALB,12.98,41.9786,-87.9048,42.74829864501953,-73.80169677734375
UA,PWM,IAD,12.96,43.64619827,-70.30930328,38.94449997,-77.45580292
UA,SFO,FAT,12.94,37.61899948120117,-122.375,36.77619934082031,-119.71800231933594
UA,PWM,ORD,12.89,43.64619827,-70.30930328,41.9786,-87.9048
UA,SFO,RNO,12.73,37.61899948120117,-122.375,39.49909973144531,-119.76799774169922
UA,SFO,ORD,12.71,37.61899948120117,-122.375,41.9786,-87.9048
UA,SFO,EWR,12.69,37.61899948120117,-122.375,40.692501068115234,-74.168701171875
UA,PIT,SFO,12.68,40.49150085,-80.23290253,37.61899948120117,-122.375
UA,BTR,IAH,12.6,30.533199,-91.149597,29.984399795532227,-95.34140014648438
UA,EWR,AVL,12.6,40.692501068115234,-74.168701171875,35.43619918823242,-82.54180145263672
UA,IAH,TUL,12.59,29.984399795532227,-95.34140014648438,36.19839859008789,-95.88809967041016
UA,AUS,SFO,12.57,30.194499969482422,-97.6698989868164,37.61899948120117,-122.375
UA,IAD,PDX,12.55,38.94449997,-77.45580292,45.58869934,-122.5979996
UA,SAN,SFO,12.51,32.7336006165,-117.190002441,37.61899948120117,-122.375
UA,EWR,SAV,12.48,40.692501068115234,-74.168701171875,32.12760162,-81.20210266
UA,BNA,IAD,12.44,36.1245002746582,-86.6781997680664,38.94449997,-77.45580292
UA,FAI,DEN,12.4,64.81510162,-147.8560028,39.861698150635,-104.672996521
UA,STL,SFO,12.39,38.748697,-90.370003,37.61899948120117,-122.375
UA,RDU,ORD,12.35,35.877601623535156,-78.7874984741211,41.9786,-87.9048
UA,ORD,BTV,12.31,41.9786,-87.9048,44.471900939899996,-73.15329742429999
UA,IAH,HNL,12.3,29.984399795532227,-95.34140014648438,21.32062,-157.924228
UA,ORD,JAC,12.19,41.9786,-87.9048,43.6072998046875,-110.73799896240234
UA,ORD,LAX,12.19,41.9786,-87.9048,33.94250107,-118.4079971
UA,JAC,SFO,12.18,43.6072998046875,-110.73799896240234,37.61899948120117,-122.375
UA,JAC,ORD,12.08,43.6072998046875,-110.73799896240234,41.9786,-87.9048
UA,IAD,PHX,12.01,38.94449997,-77.45580292,33.43429946899414,-112.01200103759766
UA,IAH,STL,12.01,29.984399795532227,-95.34140014648438,38.748697,-90.370003
UA,SFO,TPA,12,37.61899948120117,-122.375,27.975500106811523,-82.533203125
UA,SFO,GSP,12,37.61899948120117,-122.375,34.8956985474,-82.2189025879
UA,DEN,HDN,12,39.861698150635,-104.672996521,40.48120117,-107.2180023
UA,IAD,DFW,11.98,38.94449997,-77.45580292,32.896801,-97.038002
UA,ORD,BOS,11.98,41.9786,-87.9048,42.36429977,-71.00520325
UA,EWR,LAX,11.95,40.692501068115234,-74.168701171875,33.94250107,-118.4079971
UA,PSP,ORD,11.92,33.8297004699707,-116.50700378417969,41.9786,-87.9048
UA,IAH,PIT,11.9,29.984399795532227,-95.34140014648438,40.49150085,-80.23290253
UA,LAS,SFO,11.87,36.08010101,-115.1520004,37.61899948120117,-122.375
UA,SFO,IND,11.82,37.61899948120117,-122.375,39.7173,-86.294403
UA,ORD,MCI,11.75,41.9786,-87.9048,39.2976,-94.713898
UA,RAP,ORD,11.74,44.0452995300293,-103.05699920654297,41.9786,-87.9048
UA,IAH,ANC,11.69,29.984399795532227,-95.34140014648438,61.174400329589844,-149.99600219726562
UA,IAH,LGA,11.69,29.984399795532227,-95.34140014648438,40.77719879,-73.87259674
UA,BUR,SFO,11.66,34.20069885253906,-118.35900115966797,37.61899948120117,-122.375
UA,EWR,DEN,11.65,40.692501068115234,-74.168701171875,39.861698150635,-104.672996521
UA,EWR,TPA,11.65,40.692501068115234,-74.168701171875,27.975500106811523,-82.533203125
UA,MFR,SFO,11.64,42.37419891357422,-122.87300109863281,37.61899948120117,-122.375
UA,IAD,BNA,11.62,38.94449997,-77.45580292,36.1245002746582,-86.6781997680664
UA,IAD,SMF,11.61,38.94449997,-77.45580292,38.69540023803711,-121.59100341796875
UA,EWR,RSW,11.61,40.692501068115234,-74.168701171875,26.53619956970215,-81.75520324707031
UA,EWR,PHX,11.54,40.692501068115234,-74.168701171875,33.43429946899414,-112.01200103759766
UA,MSY,LAX,11.53,29.99340057373047,-90.25800323486328,33.94250107,-118.4079971
UA,SFO,SMF,11.53,37.61899948120117,-122.375,38.69540023803711,-121.59100341796875
UA,ORD,BDL,11.47,41.9786,-87.9048,41.9388999939,-72.68319702149999
UA,ATL,BOS,11.47,33.6367,-84.428101,42.36429977,-71.00520325
UA,ORD,DSM,11.46,41.9786,-87.9048,41.534000396728516,-93.66310119628906
UA,LGA,ORD,11.46,40.77719879,-73.87259674,41.9786,-87.9048
UA,DEN,EGE,11.46,39.861698150635,-104.672996521,39.64260101,-106.9179993
UA,DEN,ORF,11.43,39.861698150635,-104.672996521,36.89459991455078,-76.20120239257812
UA,DEN,JAC,11.41,39.861698150635,-104.672996521,43.6072998046875,-110.73799896240234
UA,ORD,OGG,11.33,41.9786,-87.9048,20.8986,-156.429993
UA,ORD,PHL,11.33,41.9786,-87.9048,39.87189865112305,-75.24109649658203
UA,ORD,SEA,11.3,41.9786,-87.9048,47.449001,-122.308998
UA,BZN,ORD,11.29,45.77750015,-111.1529999,41.9786,-87.9048
UA,DEN,MSO,11.26,39.861698150635,-104.672996521,46.91630173,-114.0910034
UA,BOS,SFO,11.25,42.36429977,-71.00520325,37.61899948120117,-122.375
UA,DEN,MFR,11.18,39.861698150635,-104.672996521,42.37419891357422,-122.87300109863281
UA,CHS,EWR,11.17,32.89860153,-80.04049683,40.692501068115234,-74.168701171875
UA,DEN,COS,11.17,39.861698150635,-104.672996521,38.805801,-104.700996
UA,CMH,ORD,11.1,39.998001,-82.891899,41.9786,-87.9048
UA,ORD,MEM,11.08,41.9786,-87.9048,35.04240036010742,-89.97669982910156
UA,ORD,HNL,11.06,41.9786,-87.9048,21.32062,-157.924228
UA,DFW,IAD,11.04,32.896801,-97.038002,38.94449997,-77.45580292
UA,SRQ,ORD,11.03,27.39539909362793,-82.55439758300781,41.9786,-87.9048
UA,ORD,MSN,11.01,41.9786,-87.9048,43.13990020751953,-89.3375015258789
UA,SLC,ORD,11,40.78839874267578,-111.97799682617188,41.9786,-87.9048
UA,PHX,SFO,10.94,33.43429946899414,-112.01200103759766,37.61899948120117,-122.375
UA,DEN,FCA,10.82,39.861698150635,-104.672996521,48.31050109863281,-114.25599670410156
UA,ORD,SJC,10.76,41.9786,-87.9048,37.362598,-121.929001
UA,ORD,ROC,10.75,41.9786,-87.9048,43.118900299072266,-77.67240142822266
UA,EWR,MCO,10.73,40.692501068115234,-74.168701171875,28.429399490356445,-81.30899810791016
UA,ORD,EGE,10.73,41.9786,-87.9048,39.64260101,-106.9179993
UA,BOS,ORD,10.71,42.36429977,-71.00520325,41.9786,-87.9048
UA,EWR,LAS,10.62,40.692501068115234,-74.168701171875,36.08010101,-115.1520004
UA,MCI,IAD,10.6,39.2976,-94.713898,38.94449997,-77.45580292
UA,IAH,OMA,10.6,29.984399795532227,-95.34140014648438,41.3032,-95.894096
UA,SFO,HNL,10.59,37.61899948120117,-122.375,21.32062,-157.924228
UA,OGG,ORD,10.57,20.8986,-156.429993,41.9786,-87.9048
UA,EWR,PSP,10.57,40.692501068115234,-74.168701171875,33.8297004699707,-116.50700378417969
UA,ORD,DFW,10.56,41.9786,-87.9048,32.896801,-97.038002
UA,BTV,ORD,10.54,44.471900939899996,-73.15329742429999,41.9786,-87.9048
UA,DLH,ORD,10.49,46.8420982361,-92.19360351559999,41.9786,-87.9048
UA,MAF,IAH,10.49,31.9424991607666,-102.2020034790039,29.984399795532227,-95.34140014648438
UA,MDT,ORD,10.46,40.1935005188,-76.7633972168,41.9786,-87.9048
UA,ALB,ORD,10.43,42.74829864501953,-73.80169677734375,41.9786,-87.9048
UA,ELP,IAH,10.43,31.80719948,-106.3779984,29.984399795532227,-95.34140014648438
UA,ORD,ANC,10.42,41.9786,-87.9048,61.174400329589844,-149.99600219726562
UA,SFO,DTW,10.42,37.61899948120117,-122.375,42.212398529052734,-83.35340118408203
UA,EWR,IAH,10.37,40.692501068115234,-74.168701171875,29.984399795532227,-95.34140014648438
UA,STT,ORD,10.32,18.337299346923828,-64.97339630126953,41.9786,-87.9048
UA,EWR,SAT,10.31,40.692501068115234,-74.168701171875,29.533700942993164,-98.46980285644531
UA,EWR,ORF,10.29,40.692501068115234,-74.168701171875,36.89459991455078,-76.20120239257812
UA,SFO,FAI,10.28,37.61899948120117,-122.375,64.81510162,-147.8560028
UA,IAH,RDU,10.26,29.984399795532227,-95.34140014648438,35.877601623535156,-78.7874984741211
UA,ORD,BZN,10.14,41.9786,-87.9048,45.77750015,-111.1529999
UA,SFO,OGG,10.09,37.61899948120117,-122.375,20.8986,-156.429993
UA,IAD,SAV,10.08,38.94449997,-77.45580292,32.12760162,-81.20210266
UA,SFO,SEA,10.05,37.61899948120117,-122.375,47.449001,-122.308998
UA,MSN,ORD,10.04,43.13990020751953,-89.3375015258789,41.9786,-87.9048
UA,MSP,SFO,10,44.882,-93.221802,37.61899948120117,-122.375
UA,EWR,AUS,9.97,40.692501068115234,-74.168701171875,30.194499969482422,-97.6698989868164
UA,ORD,IAD,9.91,41.9786,-87.9048,38.94449997,-77.45580292
UA,GEG,SFO,9.9,47.61989974975586,-117.53399658203125,37.61899948120117,-122.375
UA,RDU,SFO,9.86,35.877601623535156,-78.7874984741211,37.61899948120117,-122.375
UA,ORD,CLT,9.83,41.9786,-87.9048,35.2140007019043,-80.94309997558594
UA,RIC,IAD,9.8,37.50519943237305,-77.3197021484375,38.94449997,-77.45580292
UA,IAH,CLE,9.77,29.984399795532227,-95.34140014648438,41.4117012024,-81.8498001099
UA,IAD,JAX,9.74,38.94449997,-77.45580292,30.49410057067871,-81.68789672851562
UA,LAS,EWR,9.73,36.08010101,-115.1520004,40.692501068115234,-74.168701171875
UA,SFO,STL,9.72,37.61899948120117,-122.375,38.748697,-90.370003
UA,OKC,IAH,9.72,35.39310073852539,-97.60070037841797,29.984399795532227,-95.34140014648438
UA,PHX,EWR,9.64,33.43429946899414,-112.01200103759766,40.692501068115234,-74.168701171875
UA,ORD,SDF,9.63,41.9786,-87.9048,38.1744,-85.736
UA,PIT,IAH,9.62,40.49150085,-80.23290253,29.984399795532227,-95.34140014648438
UA,PSP,IAH,9.61,33.8297004699707,-116.50700378417969,29.984399795532227,-95.34140014648438
UA,IAH,BOS,9.58,29.984399795532227,-95.34140014648438,42.36429977,-71.00520325
UA,EWR,SAN,9.52,40.692501068115234,-74.168701171875,32.7336006165,-117.190002441
UA,ORD,OMA,9.5,41.9786,-87.9048,41.3032,-95.894096
UA,SYR,ORD,9.49,43.11119842529297,-76.1063003540039,41.9786,-87.9048
UA,SFO,FLL,9.42,37.61899948120117,-122.375,26.072599,-80.152702
UA,IAD,EGE,9.31,38.94449997,-77.45580292,39.64260101,-106.9179993
UA,SFO,RDU,9.31,37.61899948120117,-122.375,35.877601623535156,-78.7874984741211
UA,DEN,EUG,9.3,39.861698150635,-104.672996521,44.12459945678711,-123.21199798583984
UA,CID,ORD,9.29,41.884700775146484,-91.71080017089844,41.9786,-87.9048
UA,IAD,BOS,9.28,38.94449997,-77.45580292,42.36429977,-71.00520325
UA,ORD,SAT,9.19,41.9786,-87.9048,29.533700942993164,-98.46980285644531
UA,IAD,IND,9.17,38.94449997,-77.45580292,39.7173,-86.294403
UA,DEN,HNL,9.15,39.861698150635,-104.672996521,21.32062,-157.924228
UA,ORD,BWI,9.09,41.9786,-87.9048,39.1754,-76.668297
UA,CVG,IAD,9.08,39.0488014221,-84.6678009033,38.94449997,-77.45580292
UA,RNO,IAH,9.07,39.49909973144531,-119.76799774169922,29.984399795532227,-95.34140014648438
UA,IAH,SLC,9.05,29.984399795532227,-95.34140014648438,40.78839874267578,-111.97799682617188
UA,IAH,JAX,9,29.984399795532227,-95.34140014648438,30.49410057067871,-81.68789672851562
UA,HDN,ORD,8.97,40.48120117,-107.2180023,41.9786,-87.9048
UA,SFO,BDL,8.93,37.61899948120117,-122.375,41.9388999939,-72.68319702149999
UA,SFO,MCO,8.84,37.61899948120117,-122.375,28.429399490356445,-81.30899810791016
UA,SFO,PHL,8.82,37.61899948120117,-122.375,39.87189865112305,-75.24109649658203
UA,SAV,IAH,8.81,32.12760162,-81.20210266,29.984399795532227,-95.34140014648438
UA,SFO,LAX,8.79,37.61899948120117,-122.375,33.94250107,-118.4079971
UA,PDX,SFO,8.75,45.58869934,-122.5979996,37.61899948120117,-122.375
UA,IAH,CLT,8.72,29.984399795532227,-95.34140014648438,35.2140007019043,-80.94309997558594
UA,IAD,PIT,8.68,38.94449997,-77.45580292,40.49150085,-80.23290253
UA,JAC,IAH,8.67,43.6072998046875,-110.73799896240234,29.984399795532227,-95.34140014648438
UA,ORD,DTW,8.66,41.9786,-87.9048,42.212398529052734,-83.35340118408203
UA,BUF,ORD,8.64,42.94049835,-78.73220062,41.9786,-87.9048
UA,BWI,SFO,8.63,39.1754,-76.668297,37.61899948120117,-122.375
UA,SEA,EWR,8.61,47.449001,-122.308998,40.692501068115234,-74.168701171875
UA,ORF,ORD,8.57,36.89459991455078,-76.20120239257812,41.9786,-87.9048
UA,SEA,SFO,8.56,47.449001,-122.308998,37.61899948120117,-122.375
UA,PSP,EWR,8.55,33.8297004699707,-116.50700378417969,40.692501068115234,-74.168701171875
UA,ORD,CLE,8.51,41.9786,-87.9048,41.4117012024,-81.8498001099
UA,DEN,LGA,8.5,39.861698150635,-104.672996521,40.77719879,-73.87259674
UA,ORD,DEN,8.45,41.9786,-87.9048,39.861698150635,-104.672996521
UA,IAH,IAD,8.41,29.984399795532227,-95.34140014648438,38.94449997,-77.45580292
UA,CID,DEN,8.39,41.884700775146484,-91.71080017089844,39.861698150635,-104.672996521
UA,SFO,MFR,8.35,37.61899948120117,-122.375,42.37419891357422,-122.87300109863281
UA,ORF,IAD,8.32,36.89459991455078,-76.20120239257812,38.94449997,-77.45580292
UA,HDN,IAD,8.27,40.48120117,-107.2180023,38.94449997,-77.45580292
UA,ORD,MCO,8.26,41.9786,-87.9048,28.429399490356445,-81.30899810791016
UA,LAX,EWR,8.25,33.94250107,-118.4079971,40.692501068115234,-74.168701171875
UA,EWR,OMA,8.25,40.692501068115234,-74.168701171875,41.3032,-95.894096
UA,IAH,CRP,8.25,29.984399795532227,-95.34140014648438,27.77039909362793,-97.5011978149414
UA,ORD,AUS,8.23,41.9786,-87.9048,30.194499969482422,-97.6698989868164
UA,SFO,PHX,8.23,37.61899948120117,-122.375,33.43429946899414,-112.01200103759766
UA,ORD,IAH,8.18,41.9786,-87.9048,29.984399795532227,-95.34140014648438
UA,SFO,DEN,8.15,37.61899948120117,-122.375,39.861698150635,-104.672996521
UA,ORD,DCA,8.1,41.9786,-87.9048,38.8521,-77.037697
UA,ROC,ORD,8.09,43.118900299072266,-77.67240142822266,41.9786,-87.9048
UA,ORD,MSP,8.08,41.9786,-87.9048,44.882,-93.221802
UA,IAH,MEM,8.04,29.984399795532227,-95.34140014648438,35.04240036010742,-89.97669982910156
UA,MKE,EWR,8.04,42.947200775146484,-87.89659881591797,40.692501068115234,-74.168701171875
UA,ORD,LAS,8.03,41.9786,-87.9048,36.08010101,-115.1520004
UA,MSP,ORD,8,44.882,-93.221802,41.9786,-87.9048
UA,IAH,MCI,7.97,29.984399795532227,-95.34140014648438,39.2976,-94.713898
UA,DEN,LIH,7.95,39.861698150635,-104.672996521,21.97599983215332,-159.33900451660156
UA,IAD,MSY,7.95,38.94449997,-77.45580292,29.99340057373047,-90.25800323486328
UA,IAH,PHL,7.93,29.984399795532227,-95.34140014648438,39.87189865112305,-75.24109649658203
UA,MIA,ORD,7.9,25.79319953918457,-80.29060363769531,41.9786,-87.9048
UA,BOS,IAD,7.88,42.36429977,-71.00520325,38.94449997,-77.45580292
UA,IAH,TUS,7.83,29.984399795532227,-95.34140014648438,32.1161003112793,-110.94100189208984
UA,IAH,ORD,7.83,29.984399795532227,-95.34140014648438,41.9786,-87.9048
UA,SFO,EUG,7.81,37.61899948120117,-122.375,44.12459945678711,-123.21199798583984
UA,EWR,JAX,7.8,40.692501068115234,-74.168701171875,30.49410057067871,-81.68789672851562
UA,IAD,SFO,7.76,38.94449997,-77.45580292,37.61899948120117,-122.375
UA,IAH,BHM,7.73,29.984399795532227,-95.34140014648438,33.56290054,-86.75350189
UA,DEN,ORD,7.71,39.861698150635,-104.672996521,41.9786,-87.9048
UA,DEN,ABQ,7.7,39.861698150635,-104.672996521,35.040199,-106.609001
UA,SFO,ONT,7.69,37.61899948120117,-122.375,34.055999755859375,-117.60099792480469
UA,ELP,DEN,7.63,31.80719948,-106.3779984,39.861698150635,-104.672996521
UA,HNL,IAD,7.63,21.32062,-157.924228,38.94449997,-77.45580292
UA,IND,SFO,7.62,39.7173,-86.294403,37.61899948120117,-122.375
UA,ORD,ORF,7.62,41.9786,-87.9048,36.89459991455078,-76.20120239257812
UA,CLE,EWR,7.61,41.4117012024,-81.8498001099,40.692501068115234,-74.168701171875
UA,ORD,CVG,7.59,41.9786,-87.9048,39.0488014221,-84.6678009033
UA,ORD,PHX,7.59,41.9786,-87.9048,33.43429946899414,-112.01200103759766
UA,IAD,DTW,7.56,38.94449997,-77.45580292,42.212398529052734,-83.35340118408203
UA,SFO,DCA,7.51,37.61899948120117,-122.375,38.8521,-77.037697
UA,JAX,ORD,7.49,30.49410057067871,-81.68789672851562,41.9786,-87.9048
UA,DEN,LAX,7.43,39.861698150635,-104.672996521,33.94250107,-118.4079971
UA,ICT,IAH,7.43,37.649899,-97.433098,29.984399795532227,-95.34140014648438
UA,EWR,EGE,7.43,40.692501068115234,-74.168701171875,39.64260101,-106.9179993
UA,SFO,LAS,7.41,37.61899948120117,-122.375,36.08010101,-115.1520004
UA,EWR,CHS,7.38,40.692501068115234,-74.168701171875,32.89860153,-80.04049683
UA,IAD,ORD,7.36,38.94449997,-77.45580292,41.9786,-87.9048
UA,DFW,ORD,7.33,32.896801,-97.038002,41.9786,-87.9048
UA,SFO,CLE,7.32,37.61899948120117,-122.375,41.4117012024,-81.8498001099
UA,MSP,IAH,7.32,44.882,-93.221802,29.984399795532227,-95.34140014648438
UA,SFO,MSP,7.32,37.61899948120117,-122.375,44.882,-93.221802
UA,MKE,ORD,7.31,42.947200775146484,-87.89659881591797,41.9786,-87.9048
UA,IAH,JAC,7.3,29.984399795532227,-95.34140014648438,43.6072998046875,-110.73799896240234
UA,IAD,FLL,7.28,38.94449997,-77.45580292,26.072599,-80.152702
UA,SFO,CVG,7.27,37.61899948120117,-122.375,39.0488014221,-84.6678009033
UA,DSM,ORD,7.25,41.534000396728516,-93.66310119628906,41.9786,-87.9048
UA,ANC,SFO,7.24,61.174400329589844,-149.99600219726562,37.61899948120117,-122.375
UA,SFO,ATL,7.22,37.61899948120117,-122.375,33.6367,-84.428101
UA,SFO,PDX,7.19,37.61899948120117,-122.375,45.58869934,-122.5979996
UA,RDU,IAH,7.06,35.877601623535156,-78.7874984741211,29.984399795532227,-95.34140014648438
UA,DEN,CID,7.06,39.861698150635,-104.672996521,41.884700775146484,-91.71080017089844
UA,EWR,HDN,7.05,40.692501068115234,-74.168701171875,40.48120117,-107.2180023
UA,DFW,SFO,7,32.896801,-97.038002,37.61899948120117,-122.375
UA,DEN,SEA,6.99,39.861698150635,-104.672996521,47.449001,-122.308998
UA,IAH,MSP,6.97,29.984399795532227,-95.34140014648438,44.882,-93.221802
UA,SFO,GEG,6.95,37.61899948120117,-122.375,47.61989974975586,-117.53399658203125
UA,IAD,CLE,6.93,38.94449997,-77.45580292,41.4117012024,-81.8498001099
UA,PHL,ORD,6.91,39.87189865112305,-75.24109649658203,41.9786,-87.9048
UA,SAN,EWR,6.9,32.7336006165,-117.190002441,40.692501068115234,-74.168701171875
UA,EWR,ATL,6.9,40.692501068115234,-74.168701171875,33.6367,-84.428101
UA,DEN,GRR,6.89,39.861698150635,-104.672996521,42.88079834,-85.52279663
UA,SFO,IAH,6.89,37.61899948120117,-122.375,29.984399795532227,-95.34140014648438
UA,SDF,IAD,6.87,38.1744,-85.736,38.94449997,-77.45580292
UA,SFO,DFW,6.84,37.61899948120117,-122.375,32.896801,-97.038002
UA,SJU,ORD,6.8,18.4393997192,-66.0018005371,41.9786,-87.9048
UA,SFO,BOI,6.8,37.61899948120117,-122.375,43.5644,-116.223
UA,IAH,SEA,6.76,29.984399795532227,-95.34140014648438,47.449001,-122.308998
UA,ORD,PDX,6.75,41.9786,-87.9048,45.58869934,-122.5979996
UA,DCA,DEN,6.72,38.8521,-77.037697,39.861698150635,-104.672996521
UA,ORD,STL,6.7,41.9786,-87.9048,38.748697,-90.370003
UA,EWR,HNL,6.68,40.692501068115234,-74.168701171875,21.32062,-157.924228
UA,IAH,MIA,6.68,29.984399795532227,-95.34140014648438,25.79319953918457,-80.29060363769531
UA,DEN,OGG,6.66,39.861698150635,-104.672996521,20.8986,-156.429993
UA,IAH,BWI,6.64,29.984399795532227,-95.34140014648438,39.1754,-76.668297
UA,IAH,CHS,6.63,29.984399795532227,-95.34140014648438,32.89860153,-80.04049683
UA,MCI,ORD,6.63,39.2976,-94.713898,41.9786,-87.9048
UA,IAH,SAT,6.63,29.984399795532227,-95.34140014648438,29.533700942993164,-98.46980285644531
UA,IND,ORD,6.62,39.7173,-86.294403,41.9786,-87.9048
UA,SDF,LAX,6.6,38.1744,-85.736,33.94250107,-118.4079971
UA,DEN,BDL,6.54,39.861698150635,-104.672996521,41.9388999939,-72.68319702149999
UA,MCO,IAD,6.54,28.429399490356445,-81.30899810791016,38.94449997,-77.45580292
UA,IAD,SDF,6.53,38.94449997,-77.45580292,38.1744,-85.736
UA,LIH,SFO,6.52,21.97599983215332,-159.33900451660156,37.61899948120117,-122.375
UA,RSW,ORD,6.52,26.53619956970215,-81.75520324707031,41.9786,-87.9048
UA,SFO,AUS,6.51,37.61899948120117,-122.375,30.194499969482422,-97.6698989868164
UA,SEA,ORD,6.5,47.449001,-122.308998,41.9786,-87.9048
UA,SFO,LIH,6.5,37.61899948120117,-122.375,21.97599983215332,-159.33900451660156
UA,ANC,ORD,6.44,61.174400329589844,-149.99600219726562,41.9786,-87.9048
UA,IAH,CMH,6.4,29.984399795532227,-95.34140014648438,39.998001,-82.891899
UA,ORD,CHS,6.4,41.9786,-87.9048,32.89860153,-80.04049683
UA,LAX,SFO,6.39,33.94250107,-118.4079971,37.61899948120117,-122.375
UA,SFO,BUR,6.39,37.61899948120117,-122.375,34.20069885253906,-118.35900115966797
UA,CLT,DEN,6.38,35.2140007019043,-80.94309997558594,39.861698150635,-104.672996521
UA,PWM,EWR,6.38,43.64619827,-70.30930328,40.692501068115234,-74.168701171875
UA,SFO,SLC,6.38,37.61899948120117,-122.375,40.78839874267578,-111.97799682617188
UA,BZN,SFO,6.32,45.77750015,-111.1529999,37.61899948120117,-122.375
UA,IAH,FLL,6.32,29.984399795532227,-95.34140014648438,26.072599,-80.152702
UA,SMF,EWR,6.3,38.69540023803711,-121.59100341796875,40.692501068115234,-74.168701171875
UA,ORD,MYR,6.29,41.9786,-87.9048,33.6796989441,-78.9282989502
UA,ORD,MIA,6.29,41.9786,-87.9048,25.79319953918457,-80.29060363769531
UA,IAD,IAH,6.29,38.94449997,-77.45580292,29.984399795532227,-95.34140014648438
UA,ATL,ORD,6.28,33.6367,-84.428101,41.9786,-87.9048
UA,IAH,DFW,6.28,29.984399795532227,-95.34140014648438,32.896801,-97.038002
UA,STL,DEN,6.26,38.748697,-90.370003,39.861698150635,-104.672996521
UA,DEN,RNO,6.23,39.861698150635,-104.672996521,39.49909973144531,-119.76799774169922
UA,BOS,IAH,6.22,42.36429977,-71.00520325,29.984399795532227,-95.34140014648438
UA,BDL,ORD,6.22,41.9388999939,-72.68319702149999,41.9786,-87.9048
UA,IAH,LAX,6.15,29.984399795532227,-95.34140014648438,33.94250107,-118.4079971
UA,SAT,IAD,6.12,29.533700942993164,-98.46980285644531,38.94449997,-77.45580292
UA,MCO,ORD,6.07,28.429399490356445,-81.30899810791016,41.9786,-87.9048
UA,PHL,IAH,6.07,39.87189865112305,-75.24109649658203,29.984399795532227,-95.34140014648438
UA,OGG,SFO,6.06,20.8986,-156.429993,37.61899948120117,-122.375
UA,IAH,ORF,6.05,29.984399795532227,-95.34140014648438,36.89459991455078,-76.20120239257812
UA,MSN,EWR,6.04,43.13990020751953,-89.3375015258789,40.692501068115234,-74.168701171875
UA,LAX,ORD,6.01,33.94250107,-118.4079971,41.9786,-87.9048
UA,BOS,LAX,5.99,42.36429977,-71.00520325,33.94250107,-118.4079971
UA,ORD,BNA,5.97,41.9786,-87.9048,36.1245002746582,-86.6781997680664
UA,ORD,TPA,5.94,41.9786,-87.9048,27.975500106811523,-82.533203125
UA,HNL,SFO,5.93,21.32062,-157.924228,37.61899948120117,-122.375
UA,SFO,BNA,5.89,37.61899948120117,-122.375,36.1245002746582,-86.6781997680664
UA,ORD,FLL,5.88,41.9786,-87.9048,26.072599,-80.152702
UA,ORD,IND,5.87,41.9786,-87.9048,39.7173,-86.294403
UA,RNO,SFO,5.86,39.49909973144531,-119.76799774169922,37.61899948120117,-122.375
UA,DEN,MTJ,5.85,39.861698150635,-104.672996521,38.509799957300004,-107.893997192
UA,IAD,HDN,5.85,38.94449997,-77.45580292,40.48120117,-107.2180023
UA,EWR,BZN,5.82,40.692501068115234,-74.168701171875,45.77750015,-111.1529999
UA,IAD,ORF,5.81,38.94449997,-77.45580292,36.89459991455078,-76.20120239257812
UA,ORD,CMH,5.79,41.9786,-87.9048,39.998001,-82.891899
UA,MCO,SFO,5.79,28.429399490356445,-81.30899810791016,37.61899948120117,-122.375
UA,ORD,SLC,5.76,41.9786,-87.9048,40.78839874267578,-111.97799682617188
UA,SFO,IAD,5.74,37.61899948120117,-122.375,38.94449997,-77.45580292
UA,ANC,DEN,5.72,61.174400329589844,-149.99600219726562,39.861698150635,-104.672996521
UA,ORD,RDU,5.7,41.9786,-87.9048,35.877601623535156,-78.7874984741211
UA,IAH,RSW,5.69,29.984399795532227,-95.34140014648438,26.53619956970215,-81.75520324707031
UA,ORD,TUS,5.62,41.9786,-87.9048,32.1161003112793,-110.94100189208984
UA,ORD,MKE,5.59,41.9786,-87.9048,42.947200775146484,-87.89659881591797
UA,SAV,EWR,5.58,32.12760162,-81.20210266,40.692501068115234,-74.168701171875
UA,PIT,ORD,5.57,40.49150085,-80.23290253,41.9786,-87.9048
UA,DEN,BIL,5.5,39.861698150635,-104.672996521,45.807701110839844,-108.54299926757812
UA,DEN,PHL,5.49,39.861698150635,-104.672996521,39.87189865112305,-75.24109649658203
UA,ROC,EWR,5.47,43.118900299072266,-77.67240142822266,40.692501068115234,-74.168701171875
UA,IAH,MCO,5.46,29.984399795532227,-95.34140014648438,28.429399490356445,-81.30899810791016
UA,SFO,SAN,5.45,37.61899948120117,-122.375,32.7336006165,-117.190002441
UA,IAD,BDL,5.44,38.94449997,-77.45580292,41.9388999939,-72.68319702149999
UA,IAH,ELP,5.43,29.984399795532227,-95.34140014648438,31.80719948,-106.3779984
UA,CLE,IAD,5.42,41.4117012024,-81.8498001099,38.94449997,-77.45580292
UA,IAH,AUS,5.42,29.984399795532227,-95.34140014648438,30.194499969482422,-97.6698989868164
UA,ORD,PIT,5.4,41.9786,-87.9048,40.49150085,-80.23290253
UA,LGA,IAH,5.39,40.77719879,-73.87259674,29.984399795532227,-95.34140014648438
UA,MSO,DEN,5.33,46.91630173,-114.0910034,39.861698150635,-104.672996521
UA,BNA,IAH,5.33,36.1245002746582,-86.6781997680664,29.984399795532227,-95.34140014648438
UA,DEN,SAT,5.32,39.861698150635,-104.672996521,29.533700942993164,-98.46980285644531
UA,IAH,DCA,5.31,29.984399795532227,-95.34140014648438,38.8521,-77.037697
UA,SFO,BWI,5.3,37.61899948120117,-122.375,39.1754,-76.668297
UA,MCO,IAH,5.28,28.429399490356445,-81.30899810791016,29.984399795532227,-95.34140014648438
UA,CHS,ORD,5.28,32.89860153,-80.04049683,41.9786,-87.9048
UA,GRR,ORD,5.27,42.88079834,-85.52279663,41.9786,-87.9048
UA,IAH,TPA,5.21,29.984399795532227,-95.34140014648438,27.975500106811523,-82.533203125
UA,IAH,PHX,5.19,29.984399795532227,-95.34140014648438,33.43429946899414,-112.01200103759766
UA,IAH,MSY,5.19,29.984399795532227,-95.34140014648438,29.99340057373047,-90.25800323486328
UA,SFO,PSP,5.17,37.61899948120117,-122.375,33.8297004699707,-116.50700378417969
UA,IAH,EGE,5.16,29.984399795532227,-95.34140014648438,39.64260101,-106.9179993
UA,ORD,SAN,5.15,41.9786,-87.9048,32.7336006165,-117.190002441
UA,ORD,MSY,5.14,41.9786,-87.9048,29.99340057373047,-90.25800323486328
UA,MIA,IAH,5.14,25.79319953918457,-80.29060363769531,29.984399795532227,-95.34140014648438
UA,DEN,BOI,5.11,39.861698150635,-104.672996521,43.5644,-116.223
UA,ORD,PNS,5.1,41.9786,-87.9048,30.473400115967,-87.186599731445
UA,DFW,IAH,5.1,32.896801,-97.038002,29.984399795532227,-95.34140014648438
UA,IAH,BNA,5.08,29.984399795532227,-95.34140014648438,36.1245002746582,-86.6781997680664
UA,ORD,ABQ,5.06,41.9786,-87.9048,35.040199,-106.609001
UA,SBA,SFO,5.05,34.42620087,-119.8399963,37.61899948120117,-122.375
UA,AUS,IAH,5.03,30.194499969482422,-97.6698989868164,29.984399795532227,-95.34140014648438
UA,DEN,JAX,5.01,39.861698150635,-104.672996521,30.49410057067871,-81.68789672851562
UA,PWM,DEN,4.95,43.64619827,-70.30930328,39.861698150635,-104.672996521
UA,CVG,ORD,4.89,39.0488014221,-84.6678009033,41.9786,-87.9048
UA,IAH,SMF,4.85,29.984399795532227,-95.34140014648438,38.69540023803711,-121.59100341796875
UA,GUM,HNL,4.85,13.4834003448,144.796005249,21.32062,-157.924228
UA,IAH,PDX,4.8,29.984399795532227,-95.34140014648438,45.58869934,-122.5979996
UA,DEN,DCA,4.76,39.861698150635,-104.672996521,38.8521,-77.037697
UA,MCO,LAX,4.75,28.429399490356445,-81.30899810791016,33.94250107,-118.4079971
UA,ORF,EWR,4.74,36.89459991455078,-76.20120239257812,40.692501068115234,-74.168701171875
UA,DEN,GEG,4.7,39.861698150635,-104.672996521,47.61989974975586,-117.53399658203125
UA,OMA,ORD,4.69,41.3032,-95.894096,41.9786,-87.9048
UA,SLC,SFO,4.68,40.78839874267578,-111.97799682617188,37.61899948120117,-122.375
UA,JAC,DEN,4.67,43.6072998046875,-110.73799896240234,39.861698150635,-104.672996521
UA,FSD,DEN,4.64,43.582000732400004,-96.741897583,39.861698150635,-104.672996521
UA,IAH,DEN,4.57,29.984399795532227,-95.34140014648438,39.861698150635,-104.672996521
UA,ORD,SNA,4.55,41.9786,-87.9048,33.67570114,-117.8679962
UA,ITO,LAX,4.54,19.721399307250977,-155.04800415039062,33.94250107,-118.4079971
UA,BDL,SFO,4.52,41.9388999939,-72.68319702149999,37.61899948120117,-122.375
UA,DEN,BOS,4.51,39.861698150635,-104.672996521,42.36429977,-71.00520325
UA,ORD,SAV,4.49,41.9786,-87.9048,32.12760162,-81.20210266
UA,HNL,LAX,4.49,21.32062,-157.924228,33.94250107,-118.4079971
UA,DEN,BZN,4.46,39.861698150635,-104.672996521,45.77750015,-111.1529999
UA,DEN,DSM,4.43,39.861698150635,-104.672996521,41.534000396728516,-93.66310119628906
UA,DEN,MIA,4.42,39.861698150635,-104.672996521,25.79319953918457,-80.29060363769531
UA,RIC,ORD,4.36,37.50519943237305,-77.3197021484375,41.9786,-87.9048
UA,LAS,ORD,4.36,36.08010101,-115.1520004,41.9786,-87.9048
UA,SFO,MIA,4.33,37.61899948120117,-122.375,25.79319953918457,-80.29060363769531
UA,FCA,DEN,4.32,48.31050109863281,-114.25599670410156,39.861698150635,-104.672996521
UA,ORF,DEN,4.28,36.89459991455078,-76.20120239257812,39.861698150635,-104.672996521
UA,CLE,SFO,4.28,41.4117012024,-81.8498001099,37.61899948120117,-122.375
UA,SMF,ORD,4.27,38.69540023803711,-121.59100341796875,41.9786,-87.9048
UA,LAX,HNL,4.26,33.94250107,-118.4079971,21.32062,-157.924228
UA,SFO,KOA,4.25,37.61899948120117,-122.375,19.738783,-156.045603
UA,DEN,SMF,4.2,39.861698150635,-104.672996521,38.69540023803711,-121.59100341796875
UA,BWI,ORD,4.18,39.1754,-76.668297,41.9786,-87.9048
UA,DEN,ONT,4.14,39.861698150635,-104.672996521,34.055999755859375,-117.60099792480469
UA,DEN,TUL,4.12,39.861698150635,-104.672996521,36.19839859008789,-95.88809967041016
UA,EWR,DTW,4.11,40.692501068115234,-74.168701171875,42.212398529052734,-83.35340118408203
UA,TPA,ORD,4.1,27.975500106811523,-82.533203125,41.9786,-87.9048
UA,SJC,EWR,4.09,37.362598,-121.929001,40.692501068115234,-74.168701171875
UA,DEN,ANC,4.07,39.861698150635,-104.672996521,61.174400329589844,-149.99600219726562
UA,DEN,IAH,4.05,39.861698150635,-104.672996521,29.984399795532227,-95.34140014648438
UA,CLE,ORD,4.01,41.4117012024,-81.8498001099,41.9786,-87.9048
UA,RDM,DEN,4,44.2541008,-121.1500015,39.861698150635,-104.672996521
UA,MSY,ORD,3.98,29.99340057373047,-90.25800323486328,41.9786,-87.9048
UA,TPA,IAD,3.98,27.975500106811523,-82.533203125,38.94449997,-77.45580292
UA,SFO,ANC,3.95,37.61899948120117,-122.375,61.174400329589844,-149.99600219726562
UA,ORD,JAX,3.94,41.9786,-87.9048,30.49410057067871,-81.68789672851562
UA,FLL,ORD,3.89,26.072599,-80.152702,41.9786,-87.9048
UA,DEN,KOA,3.88,39.861698150635,-104.672996521,19.738783,-156.045603
UA,DEN,MSN,3.84,39.861698150635,-104.672996521,43.13990020751953,-89.3375015258789
UA,PHL,DEN,3.84,39.87189865112305,-75.24109649658203,39.861698150635,-104.672996521
UA,DEN,MEM,3.81,39.861698150635,-104.672996521,35.04240036010742,-89.97669982910156
UA,IAH,LAS,3.81,29.984399795532227,-95.34140014648438,36.08010101,-115.1520004
UA,DCA,ORD,3.78,38.8521,-77.037697,41.9786,-87.9048
UA,MCO,DEN,3.78,28.429399490356445,-81.30899810791016,39.861698150635,-104.672996521
UA,HNL,GUM,3.78,21.32062,-157.924228,13.4834003448,144.796005249
UA,DEN,BWI,3.76,39.861698150635,-104.672996521,39.1754,-76.668297
UA,CVG,IAH,3.76,39.0488014221,-84.6678009033,29.984399795532227,-95.34140014648438
UA,IAH,SAN,3.72,29.984399795532227,-95.34140014648438,32.7336006165,-117.190002441
UA,IAH,MFE,3.72,29.984399795532227,-95.34140014648438,26.17580032,-98.23860168
UA,FLL,DEN,3.71,26.072599,-80.152702,39.861698150635,-104.672996521
UA,DEN,OKC,3.69,39.861698150635,-104.672996521,35.39310073852539,-97.60070037841797
UA,DEN,PHX,3.69,39.861698150635,-104.672996521,33.43429946899414,-112.01200103759766
UA,IAH,ATL,3.68,29.984399795532227,-95.34140014648438,33.6367,-84.428101
UA,ORD,SJU,3.67,41.9786,-87.9048,18.4393997192,-66.0018005371
UA,DEN,ICT,3.65,39.861698150635,-104.672996521,37.649899,-97.433098
UA,BWI,IAH,3.63,39.1754,-76.668297,29.984399795532227,-95.34140014648438
UA,ORD,FCA,3.62,41.9786,-87.9048,48.31050109863281,-114.25599670410156
UA,IAD,SEA,3.61,38.94449997,-77.45580292,47.449001,-122.308998
UA,IAD,SAT,3.6,38.94449997,-77.45580292,29.533700942993164,-98.46980285644531
UA,IAD,TPA,3.6,38.94449997,-77.45580292,27.975500106811523,-82.533203125
UA,IAH,RNO,3.59,29.984399795532227,-95.34140014648438,39.49909973144531,-119.76799774169922
UA,ORD,RSW,3.59,41.9786,-87.9048,26.53619956970215,-81.75520324707031
UA,DEN,OMA,3.56,39.861698150635,-104.672996521,41.3032,-95.894096
UA,DEN,LAS,3.53,39.861698150635,-104.672996521,36.08010101,-115.1520004
UA,SJC,ORD,3.52,37.362598,-121.929001,41.9786,-87.9048
UA,ORD,STT,3.52,41.9786,-87.9048,18.337299346923828,-64.97339630126953
UA,SFO,BZN,3.5,37.61899948120117,-122.375,45.77750015,-111.1529999
UA,IAH,DTW,3.49,29.984399795532227,-95.34140014648438,42.212398529052734,-83.35340118408203
UA,SFO,SNA,3.44,37.61899948120117,-122.375,33.67570114,-117.8679962
UA,DEN,DTW,3.36,39.861698150635,-104.672996521,42.212398529052734,-83.35340118408203
UA,SFO,MSY,3.36,37.61899948120117,-122.375,29.99340057373047,-90.25800323486328
UA,TPA,IAH,3.32,27.975500106811523,-82.533203125,29.984399795532227,-95.34140014648438
UA,DEN,CMH,3.29,39.861698150635,-104.672996521,39.998001,-82.891899
UA,IAD,MCO,3.28,38.94449997,-77.45580292,28.429399490356445,-81.30899810791016
UA,IAH,SNA,3.27,29.984399795532227,-95.34140014648438,33.67570114,-117.8679962
UA,CVG,EWR,3.25,39.0488014221,-84.6678009033,40.692501068115234,-74.168701171875
UA,IAH,IND,3.24,29.984399795532227,-95.34140014648438,39.7173,-86.294403
UA,DEN,DFW,3.22,39.861698150635,-104.672996521,32.896801,-97.038002
UA,MIA,DEN,3.21,25.79319953918457,-80.29060363769531,39.861698150635,-104.672996521
UA,DEN,CVG,3.21,39.861698150635,-104.672996521,39.0488014221,-84.6678009033
UA,IAH,SJU,3.2,29.984399795532227,-95.34140014648438,18.4393997192,-66.0018005371
UA,BOS,DEN,3.18,42.36429977,-71.00520325,39.861698150635,-104.672996521
UA,IAH,PSP,3.18,29.984399795532227,-95.34140014648438,33.8297004699707,-116.50700378417969
UA,CLT,ORD,3.17,35.2140007019043,-80.94309997558594,41.9786,-87.9048
UA,ORF,IAH,3.17,36.89459991455078,-76.20120239257812,29.984399795532227,-95.34140014648438
UA,IAD,CHS,3.13,38.94449997,-77.45580292,32.89860153,-80.04049683
UA,PHX,ORD,3.12,33.43429946899414,-112.01200103759766,41.9786,-87.9048
UA,ORD,ATL,3.07,41.9786,-87.9048,33.6367,-84.428101
UA,DEN,PDX,3.05,39.861698150635,-104.672996521,45.58869934,-122.5979996
UA,BTV,EWR,3.04,44.471900939899996,-73.15329742429999,40.692501068115234,-74.168701171875
UA,RIC,DEN,3.03,37.50519943237305,-77.3197021484375,39.861698150635,-104.672996521
UA,DEN,MCO,3.02,39.861698150635,-104.672996521,28.429399490356445,-81.30899810791016
UA,DCA,SFO,3.01,38.8521,-77.037697,37.61899948120117,-122.375
UA,MSY,IAH,3,29.99340057373047,-90.25800323486328,29.984399795532227,-95.34140014648438
UA,DEN,MCI,2.98,39.861698150635,-104.672996521,39.2976,-94.713898
UA,BTV,DEN,2.95,44.471900939899996,-73.15329742429999,39.861698150635,-104.672996521
UA,ORD,PSP,2.94,41.9786,-87.9048,33.8297004699707,-116.50700378417969
UA,IAH,SAV,2.92,29.984399795532227,-95.34140014648438,32.12760162,-81.20210266
UA,SFO,PIT,2.9,37.61899948120117,-122.375,40.49150085,-80.23290253
UA,DEN,PSP,2.86,39.861698150635,-104.672996521,33.8297004699707,-116.50700378417969
UA,IAD,LAS,2.83,38.94449997,-77.45580292,36.08010101,-115.1520004
UA,CLE,PHX,2.8,41.4117012024,-81.8498001099,33.43429946899414,-112.01200103759766
UA,SEA,IAD,2.8,47.449001,-122.308998,38.94449997,-77.45580292
UA,DEN,TPA,2.74,39.861698150635,-104.672996521,27.975500106811523,-82.533203125
UA,LAX,DEN,2.72,33.94250107,-118.4079971,39.861698150635,-104.672996521
UA,HNL,EWR,2.72,21.32062,-157.924228,40.692501068115234,-74.168701171875
UA,LGA,DEN,2.71,40.77719879,-73.87259674,39.861698150635,-104.672996521
UA,SJU,IAH,2.68,18.4393997192,-66.0018005371,29.984399795532227,-95.34140014648438
UA,LAX,BOS,2.66,33.94250107,-118.4079971,42.36429977,-71.00520325
UA,AUS,ORD,2.65,30.194499969482422,-97.6698989868164,41.9786,-87.9048
UA,DEN,IAD,2.65,39.861698150635,-104.672996521,38.94449997,-77.45580292
UA,IAD,ATL,2.64,38.94449997,-77.45580292,33.6367,-84.428101
UA,PDX,EWR,2.61,45.58869934,-122.5979996,40.692501068115234,-74.168701171875
UA,EGE,DEN,2.54,39.64260101,-106.9179993,39.861698150635,-104.672996521
UA,EWR,STT,2.52,40.692501068115234,-74.168701171875,18.337299346923828,-64.97339630126953
UA,DEN,SJC,2.49,39.861698150635,-104.672996521,37.362598,-121.929001
UA,ORD,SRQ,2.47,41.9786,-87.9048,27.39539909362793,-82.55439758300781
UA,OGG,DEN,2.47,20.8986,-156.429993,39.861698150635,-104.672996521
UA,IAD,STT,2.46,38.94449997,-77.45580292,18.337299346923828,-64.97339630126953
UA,SAT,IAH,2.45,29.533700942993164,-98.46980285644531,29.984399795532227,-95.34140014648438
UA,DEN,FSD,2.45,39.861698150635,-104.672996521,43.582000732400004,-96.741897583
UA,MEM,IAH,2.41,35.04240036010742,-89.97669982910156,29.984399795532227,-95.34140014648438
UA,DEN,ATL,2.41,39.861698150635,-104.672996521,33.6367,-84.428101
UA,CLE,IAH,2.4,41.4117012024,-81.8498001099,29.984399795532227,-95.34140014648438
UA,DTW,ORD,2.4,42.212398529052734,-83.35340118408203,41.9786,-87.9048
UA,DEN,RDU,2.39,39.861698150635,-104.672996521,35.877601623535156,-78.7874984741211
UA,IAD,SAN,2.38,38.94449997,-77.45580292,32.7336006165,-117.190002441
UA,ATL,IAH,2.36,33.6367,-84.428101,29.984399795532227,-95.34140014648438
UA,BUF,EWR,2.35,42.94049835,-78.73220062,40.692501068115234,-74.168701171875
UA,DEN,SLC,2.33,39.861698150635,-104.672996521,40.78839874267578,-111.97799682617188
UA,DEN,AUS,2.32,39.861698150635,-104.672996521,30.194499969482422,-97.6698989868164
UA,EWR,TYS,2.28,40.692501068115234,-74.168701171875,35.81100082,-83.9940033
UA,SEA,DEN,2.28,47.449001,-122.308998,39.861698150635,-104.672996521
UA,MSY,DEN,2.27,29.99340057373047,-90.25800323486328,39.861698150635,-104.672996521
UA,IAD,RDU,2.27,38.94449997,-77.45580292,35.877601623535156,-78.7874984741211
UA,STL,IAH,2.26,38.748697,-90.370003,29.984399795532227,-95.34140014648438
UA,IAH,MTJ,2.24,29.984399795532227,-95.34140014648438,38.509799957300004,-107.893997192
UA,DEN,SAN,2.23,39.861698150635,-104.672996521,32.7336006165,-117.190002441
UA,ORD,PBI,2.09,41.9786,-87.9048,26.68320083618164,-80.09559631347656
UA,CLT,IAH,2.09,35.2140007019043,-80.94309997558594,29.984399795532227,-95.34140014648438
UA,BDL,IAD,2.08,41.9388999939,-72.68319702149999,38.94449997,-77.45580292
UA,MEM,ORD,2.02,35.04240036010742,-89.97669982910156,41.9786,-87.9048
UA,CMH,IAD,2,39.998001,-82.891899,38.94449997,-77.45580292
UA,PIT,LAS,2,40.49150085,-80.23290253,36.08010101,-115.1520004
UA,IAH,SJC,1.99,29.984399795532227,-95.34140014648438,37.362598,-121.929001
UA,MFR,DEN,1.95,42.37419891357422,-122.87300109863281,39.861698150635,-104.672996521
UA,TPA,SFO,1.95,27.975500106811523,-82.533203125,37.61899948120117,-122.375
UA,DFW,DEN,1.93,32.896801,-97.038002,39.861698150635,-104.672996521
UA,DEN,MSP,1.91,39.861698150635,-104.672996521,44.882,-93.221802
UA,MTJ,ORD,1.89,38.509799957300004,-107.893997192,41.9786,-87.9048
UA,TUS,IAH,1.89,32.1161003112793,-110.94100189208984,29.984399795532227,-95.34140014648438
UA,DEN,PIT,1.89,39.861698150635,-104.672996521,40.49150085,-80.23290253
UA,BUR,DEN,1.86,34.20069885253906,-118.35900115966797,39.861698150635,-104.672996521
UA,IAD,LAX,1.84,38.94449997,-77.45580292,33.94250107,-118.4079971
UA,ATL,IAD,1.84,33.6367,-84.428101,38.94449997,-77.45580292
UA,LAX,SMF,1.78,33.94250107,-118.4079971,38.69540023803711,-121.59100341796875
UA,SJU,IAD,1.77,18.4393997192,-66.0018005371,38.94449997,-77.45580292
UA,DEN,FLL,1.77,39.861698150635,-104.672996521,26.072599,-80.152702
UA,IAD,SJU,1.65,38.94449997,-77.45580292,18.4393997192,-66.0018005371
UA,EWR,JAC,1.64,40.692501068115234,-74.168701171875,43.6072998046875,-110.73799896240234
UA,AUS,DEN,1.63,30.194499969482422,-97.6698989868164,39.861698150635,-104.672996521
UA,AUS,IAD,1.63,30.194499969482422,-97.6698989868164,38.94449997,-77.45580292
UA,SEA,IAH,1.62,47.449001,-122.308998,29.984399795532227,-95.34140014648438
UA,EWR,MYR,1.6,40.692501068115234,-74.168701171875,33.6796989441,-78.9282989502
UA,MSP,DEN,1.54,44.882,-93.221802,39.861698150635,-104.672996521
UA,DSM,DEN,1.53,41.534000396728516,-93.66310119628906,39.861698150635,-104.672996521
UA,LAS,IAH,1.51,36.08010101,-115.1520004,29.984399795532227,-95.34140014648438
UA,KOA,SFO,1.5,19.738783,-156.045603,37.61899948120117,-122.375
UA,HDN,IAH,1.47,40.48120117,-107.2180023,29.984399795532227,-95.34140014648438
UA,BWI,LAX,1.45,39.1754,-76.668297,33.94250107,-118.4079971
UA,RDU,DEN,1.44,35.877601623535156,-78.7874984741211,39.861698150635,-104.672996521
UA,LAX,ITO,1.43,33.94250107,-118.4079971,19.721399307250977,-155.04800415039062
UA,EWR,SNA,1.42,40.692501068115234,-74.168701171875,33.67570114,-117.8679962
UA,IAD,DEN,1.42,38.94449997,-77.45580292,39.861698150635,-104.672996521
UA,SPN,GUM,1.39,15.119,145.729004,13.4834003448,144.796005249
UA,PDX,ORD,1.37,45.58869934,-122.5979996,41.9786,-87.9048
UA,SNA,ORD,1.28,33.67570114,-117.8679962,41.9786,-87.9048
UA,ABQ,DEN,1.23,35.040199,-106.609001,39.861698150635,-104.672996521
UA,LAS,IAD,1.22,36.08010101,-115.1520004,38.94449997,-77.45580292
UA,DEN,CLT,1.16,39.861698150635,-104.672996521,35.2140007019043,-80.94309997558594
UA,DEN,SNA,1.16,39.861698150635,-104.672996521,33.67570114,-117.8679962
UA,DEN,MSY,1.09,39.861698150635,-104.672996521,29.99340057373047,-90.25800323486328
UA,OMA,IAH,1.06,41.3032,-95.894096,29.984399795532227,-95.34140014648438
UA,SMF,IAH,1.04,38.69540023803711,-121.59100341796875,29.984399795532227,-95.34140014648438
UA,DEN,CLE,1.01,39.861698150635,-104.672996521,41.4117012024,-81.8498001099
UA,IAH,PBI,0.98,29.984399795532227,-95.34140014648438,26.68320083618164,-80.09559631347656
UA,LAS,DEN,0.98,36.08010101,-115.1520004,39.861698150635,-104.672996521
UA,CVG,DEN,0.97,39.0488014221,-84.6678009033,39.861698150635,-104.672996521
UA,FLL,IAH,0.96,26.072599,-80.152702,29.984399795532227,-95.34140014648438
UA,LAX,IAH,0.95,33.94250107,-118.4079971,29.984399795532227,-95.34140014648438
UA,SNA,EWR,0.92,33.67570114,-117.8679962,40.692501068115234,-74.168701171875
UA,STT,IAH,0.9,18.337299346923828,-64.97339630126953,29.984399795532227,-95.34140014648438
UA,CLE,LAX,0.88,41.4117012024,-81.8498001099,33.94250107,-118.4079971
UA,DTW,IAH,0.88,42.212398529052734,-83.35340118408203,29.984399795532227,-95.34140014648438
UA,PHL,IAD,0.87,39.87189865112305,-75.24109649658203,38.94449997,-77.45580292
UA,STT,EWR,0.85,18.337299346923828,-64.97339630126953,40.692501068115234,-74.168701171875
UA,PHX,IAH,0.8,33.43429946899414,-112.01200103759766,29.984399795532227,-95.34140014648438
UA,LAX,LAS,0.8,33.94250107,-118.4079971,36.08010101,-115.1520004
UA,ORD,HDN,0.8,41.9786,-87.9048,40.48120117,-107.2180023
UA,SAN,ORD,0.78,32.7336006165,-117.190002441,41.9786,-87.9048
UA,DEN,SBA,0.72,39.861698150635,-104.672996521,34.42620087,-119.8399963
UA,DEN,TUS,0.69,39.861698150635,-104.672996521,32.1161003112793,-110.94100189208984
UA,MSN,DEN,0.61,43.13990020751953,-89.3375015258789,39.861698150635,-104.672996521
UA,PHX,CLE,0.6,33.43429946899414,-112.01200103759766,41.4117012024,-81.8498001099
UA,PHX,LAS,0.6,33.43429946899414,-112.01200103759766,36.08010101,-115.1520004
UA,MTJ,EWR,0.57,38.509799957300004,-107.893997192,40.692501068115234,-74.168701171875
UA,RDU,IAD,0.47,35.877601623535156,-78.7874984741211,38.94449997,-77.45580292
UA,DEN,IND,0.44,39.861698150635,-104.672996521,39.7173,-86.294403
UA,BOS,LAS,0.4,42.36429977,-71.00520325,36.08010101,-115.1520004
UA,OMA,DEN,0.4,41.3032,-95.894096,39.861698150635,-104.672996521
UA,SFO,MSO,0.38,37.61899948120117,-122.375,46.91630173,-114.0910034
UA,MTJ,DEN,0.36,38.509799957300004,-107.893997192,39.861698150635,-104.672996521
UA,RNO,DEN,0.34,39.49909973144531,-119.76799774169922,39.861698150635,-104.672996521
UA,BOI,SFO,0.32,43.5644,-116.223,37.61899948120117,-122.375
UA,GEG,ORD,0.32,47.61989974975586,-117.53399658203125,41.9786,-87.9048
UA,OKC,DEN,0.24,35.39310073852539,-97.60070037841797,39.861698150635,-104.672996521
UA,LAS,LAX,0.24,36.08010101,-115.1520004,33.94250107,-118.4079971
UA,CMH,DEN,0.12,39.998001,-82.891899,39.861698150635,-104.672996521
UA,SAN,IAH,0.08,32.7336006165,-117.190002441,29.984399795532227,-95.34140014648438
UA,PVD,ORD,0.07,41.732601,-71.420403,41.9786,-87.9048
UA,IND,IAH,0.04,39.7173,-86.294403,29.984399795532227,-95.34140014648438
UA,LAX,IAD,-0.04,33.94250107,-118.4079971,38.94449997,-77.45580292
UA,SLC,IAH,-0.09,40.78839874267578,-111.97799682617188,29.984399795532227,-95.34140014648438
UA,TPA,DEN,-0.1,27.975500106811523,-82.533203125,39.861698150635,-104.672996521
UA,RIC,IAH,-0.1,37.50519943237305,-77.3197021484375,29.984399795532227,-95.34140014648438
UA,BWI,DEN,-0.13,39.1754,-76.668297,39.861698150635,-104.672996521
UA,JAX,DEN,-0.16,30.49410057067871,-81.68789672851562,39.861698150635,-104.672996521
UA,IAH,ABQ,-0.17,29.984399795532227,-95.34140014648438,35.040199,-106.609001
UA,SNA,IAH,-0.19,33.67570114,-117.8679962,29.984399795532227,-95.34140014648438
UA,CHS,IAD,-0.25,32.89860153,-80.04049683,38.94449997,-77.45580292
UA,MCI,SFO,-0.26,39.2976,-94.713898,37.61899948120117,-122.375
UA,MFE,IAH,-0.28,26.17580032,-98.23860168,29.984399795532227,-95.34140014648438
UA,SLC,DEN,-0.29,40.78839874267578,-111.97799682617188,39.861698150635,-104.672996521
UA,LAX,SAN,-0.33,33.94250107,-118.4079971,32.7336006165,-117.190002441
UA,TUL,IAH,-0.39,36.19839859008789,-95.88809967041016,29.984399795532227,-95.34140014648438
UA,ICT,ORD,-0.41,37.649899,-97.433098,41.9786,-87.9048
UA,DEN,BNA,-0.41,39.861698150635,-104.672996521,36.1245002746582,-86.6781997680664
UA,ORD,RAP,-0.43,41.9786,-87.9048,44.0452995300293,-103.05699920654297
UA,LIH,LAX,-0.43,21.97599983215332,-159.33900451660156,33.94250107,-118.4079971
UA,LAX,DFW,-0.45,33.94250107,-118.4079971,32.896801,-97.038002
UA,SAN,IAD,-0.46,32.7336006165,-117.190002441,38.94449997,-77.45580292
UA,SAT,ORD,-0.48,29.533700942993164,-98.46980285644531,41.9786,-87.9048
UA,SAN,DEN,-0.49,32.7336006165,-117.190002441,39.861698150635,-104.672996521
UA,BOI,DEN,-0.53,43.5644,-116.223,39.861698150635,-104.672996521
UA,MEM,DEN,-0.55,35.04240036010742,-89.97669982910156,39.861698150635,-104.672996521
UA,ATL,DEN,-0.55,33.6367,-84.428101,39.861698150635,-104.672996521
UA,MCO,CLE,-0.6,28.429399490356445,-81.30899810791016,41.4117012024,-81.8498001099
UA,LAX,OGG,-0.6,33.94250107,-118.4079971,20.8986,-156.429993
UA,SNA,DEN,-0.62,33.67570114,-117.8679962,39.861698150635,-104.672996521
UA,TUS,DEN,-0.62,32.1161003112793,-110.94100189208984,39.861698150635,-104.672996521
UA,LAX,LIH,-0.62,33.94250107,-118.4079971,21.97599983215332,-159.33900451660156
UA,GRR,DEN,-0.62,42.88079834,-85.52279663,39.861698150635,-104.672996521
UA,IAH,HDN,-0.63,29.984399795532227,-95.34140014648438,40.48120117,-107.2180023
UA,FLL,IAD,-0.63,26.072599,-80.152702,38.94449997,-77.45580292
UA,LAX,CLE,-0.66,33.94250107,-118.4079971,41.4117012024,-81.8498001099
UA,GUM,SPN,-0.66,13.4834003448,144.796005249,15.119,145.729004
UA,ABQ,IAH,-0.73,35.040199,-106.609001,29.984399795532227,-95.34140014648438
UA,OGG,LAX,-0.8,20.8986,-156.429993,33.94250107,-118.4079971
UA,PDX,DEN,-0.81,45.58869934,-122.5979996,39.861698150635,-104.672996521
UA,SBA,DEN,-0.82,34.42620087,-119.8399963,39.861698150635,-104.672996521
UA,PIT,IAD,-0.84,40.49150085,-80.23290253,38.94449997,-77.45580292
UA,LAX,MCO,-0.85,33.94250107,-118.4079971,28.429399490356445,-81.30899810791016
UA,SFO,SAT,-0.87,37.61899948120117,-122.375,29.533700942993164,-98.46980285644531
UA,DEN,PWM,-0.9,39.861698150635,-104.672996521,43.64619827,-70.30930328
UA,BZN,DEN,-0.96,45.77750015,-111.1529999,39.861698150635,-104.672996521
UA,SAN,LAX,-0.97,32.7336006165,-117.190002441,33.94250107,-118.4079971
UA,IAH,GUC,-1.03,29.984399795532227,-95.34140014648438,38.53390121,-106.9329987
UA,LAX,BWI,-1.04,33.94250107,-118.4079971,39.1754,-76.668297
UA,EWR,MTJ,-1.07,40.692501068115234,-74.168701171875,38.509799957300004,-107.893997192
UA,DEN,RSW,-1.09,39.861698150635,-104.672996521,26.53619956970215,-81.75520324707031
UA,SJC,IAH,-1.11,37.362598,-121.929001,29.984399795532227,-95.34140014648438
UA,ONT,DEN,-1.17,34.055999755859375,-117.60099792480469,39.861698150635,-104.672996521
UA,PHX,DEN,-1.23,33.43429946899414,-112.01200103759766,39.861698150635,-104.672996521
UA,BIL,DEN,-1.25,45.807701110839844,-108.54299926757812,39.861698150635,-104.672996521
UA,PDX,IAH,-1.27,45.58869934,-122.5979996,29.984399795532227,-95.34140014648438
UA,ORD,OKC,-1.39,41.9786,-87.9048,35.39310073852539,-97.60070037841797
UA,PIT,DEN,-1.41,40.49150085,-80.23290253,39.861698150635,-104.672996521
UA,SFO,MSN,-1.43,37.61899948120117,-122.375,43.13990020751953,-89.3375015258789
UA,ICT,DEN,-1.44,37.649899,-97.433098,39.861698150635,-104.672996521
UA,DCA,IAH,-1.45,38.8521,-77.037697,29.984399795532227,-95.34140014648438
UA,AUS,LAX,-1.56,30.194499969482422,-97.6698989868164,33.94250107,-118.4079971
UA,MSN,RDU,-1.6,43.13990020751953,-89.3375015258789,35.877601623535156,-78.7874984741211
UA,HNL,IAH,-1.72,21.32062,-157.924228,29.984399795532227,-95.34140014648438
UA,EWR,SRQ,-1.73,40.692501068115234,-74.168701171875,27.39539909362793,-82.55439758300781
UA,RSW,CLE,-1.74,26.53619956970215,-81.75520324707031,41.4117012024,-81.8498001099
UA,ORD,BGR,-1.78,41.9786,-87.9048,44.80739974975586,-68.8281021118164
UA,IAD,CLT,-1.83,38.94449997,-77.45580292,35.2140007019043,-80.94309997558594
UA,IND,DEN,-1.91,39.7173,-86.294403,39.861698150635,-104.672996521
UA,IAH,MSN,-1.94,29.984399795532227,-95.34140014648438,43.13990020751953,-89.3375015258789
UA,PSP,DEN,-1.94,33.8297004699707,-116.50700378417969,39.861698150635,-104.672996521
UA,CHS,IAH,-1.95,32.89860153,-80.04049683,29.984399795532227,-95.34140014648438
UA,MCI,DEN,-1.98,39.2976,-94.713898,39.861698150635,-104.672996521
UA,FAT,SFO,-1.99,36.77619934082031,-119.71800231933594,37.61899948120117,-122.375
UA,DTW,DEN,-2.01,42.212398529052734,-83.35340118408203,39.861698150635,-104.672996521
UA,CRP,IAH,-2.01,27.77039909362793,-97.5011978149414,29.984399795532227,-95.34140014648438
UA,HNL,ORD,-2.04,21.32062,-157.924228,41.9786,-87.9048
UA,EWR,SDF,-2.07,40.692501068115234,-74.168701171875,38.1744,-85.736
UA,SJC,DEN,-2.08,37.362598,-121.929001,39.861698150635,-104.672996521
UA,SMF,IAD,-2.18,38.69540023803711,-121.59100341796875,38.94449997,-77.45580292
UA,GSP,IAD,-2.2,34.8956985474,-82.2189025879,38.94449997,-77.45580292
UA,DEN,MKE,-2.22,39.861698150635,-104.672996521,42.947200775146484,-87.89659881591797
UA,SMF,LAX,-2.27,38.69540023803711,-121.59100341796875,33.94250107,-118.4079971
UA,SFO,JAC,-2.3,37.61899948120117,-122.375,43.6072998046875,-110.73799896240234
UA,FLL,SFO,-2.3,26.072599,-80.152702,37.61899948120117,-122.375
UA,BNA,DEN,-2.32,36.1245002746582,-86.6781997680664,39.861698150635,-104.672996521
UA,STL,EWR,-2.33,38.748697,-90.370003,40.692501068115234,-74.168701171875
UA,MSP,LAX,-2.37,44.882,-93.221802,33.94250107,-118.4079971
UA,DCA,BTR,-2.4,38.8521,-77.037697,30.533199,-91.149597
UA,IAH,OKC,-2.45,29.984399795532227,-95.34140014648438,35.39310073852539,-97.60070037841797
UA,JAX,IAH,-2.47,30.49410057067871,-81.68789672851562,29.984399795532227,-95.34140014648438
UA,ORD,MTJ,-2.5,41.9786,-87.9048,38.509799957300004,-107.893997192
UA,MCI,IAH,-2.51,39.2976,-94.713898,29.984399795532227,-95.34140014648438
UA,DEN,STL,-2.58,39.861698150635,-104.672996521,38.748697,-90.370003
UA,EWR,BGR,-2.67,40.692501068115234,-74.168701171875,44.80739974975586,-68.8281021118164
UA,CLE,RSW,-2.81,41.4117012024,-81.8498001099,26.53619956970215,-81.75520324707031
UA,GEG,DEN,-2.87,47.61989974975586,-117.53399658203125,39.861698150635,-104.672996521
UA,JAX,IAD,-2.98,30.49410057067871,-81.68789672851562,38.94449997,-77.45580292
UA,STT,IAD,-3.05,18.337299346923828,-64.97339630126953,38.94449997,-77.45580292
UA,EWR,MSN,-3.05,40.692501068115234,-74.168701171875,43.13990020751953,-89.3375015258789
UA,RSW,DEN,-3.09,26.53619956970215,-81.75520324707031,39.861698150635,-104.672996521
UA,LAX,SEA,-3.09,33.94250107,-118.4079971,47.449001,-122.308998
UA,CLE,DEN,-3.18,41.4117012024,-81.8498001099,39.861698150635,-104.672996521
UA,BDL,DEN,-3.19,41.9388999939,-72.68319702149999,39.861698150635,-104.672996521
UA,DEN,RIC,-3.23,39.861698150635,-104.672996521,37.50519943237305,-77.3197021484375
UA,PDX,IAD,-3.24,45.58869934,-122.5979996,38.94449997,-77.45580292
UA,HNL,DEN,-3.25,21.32062,-157.924228,39.861698150635,-104.672996521
UA,SFO,SDF,-3.27,37.61899948120117,-122.375,38.1744,-85.736
UA,KOA,LAX,-3.29,19.738783,-156.045603,33.94250107,-118.4079971
UA,SMF,DEN,-3.29,38.69540023803711,-121.59100341796875,39.861698150635,-104.672996521
UA,LAX,KOA,-3.32,33.94250107,-118.4079971,19.738783,-156.045603
UA,PBI,IAH,-3.39,26.68320083618164,-80.09559631347656,29.984399795532227,-95.34140014648438
UA,CLE,SJU,-3.41,41.4117012024,-81.8498001099,18.4393997192,-66.0018005371
UA,IAD,AUS,-3.48,38.94449997,-77.45580292,30.194499969482422,-97.6698989868164
UA,ONT,SFO,-3.54,34.055999755859375,-117.60099792480469,37.61899948120117,-122.375
UA,AUS,LAS,-3.6,30.194499969482422,-97.6698989868164,36.08010101,-115.1520004
UA,EWR,RIC,-3.7,40.692501068115234,-74.168701171875,37.50519943237305,-77.3197021484375
UA,TUL,DEN,-3.74,36.19839859008789,-95.88809967041016,39.861698150635,-104.672996521
UA,MSO,SFO,-3.78,46.91630173,-114.0910034,37.61899948120117,-122.375
UA,ORD,FSD,-3.81,41.9786,-87.9048,43.582000732400004,-96.741897583
UA,FLL,CLE,-3.85,26.072599,-80.152702,41.4117012024,-81.8498001099
UA,MSN,LAX,-3.93,43.13990020751953,-89.3375015258789,33.94250107,-118.4079971
UA,EUG,DEN,-3.96,44.12459945678711,-123.21199798583984,39.861698150635,-104.672996521
UA,DFW,LAX,-4.01,32.896801,-97.038002,33.94250107,-118.4079971
UA,RSW,IAH,-4.02,26.53619956970215,-81.75520324707031,29.984399795532227,-95.34140014648438
UA,SDF,SFO,-4.04,38.1744,-85.736,37.61899948120117,-122.375
UA,BDL,EWR,-4.14,41.9388999939,-72.68319702149999,40.692501068115234,-74.168701171875
UA,MTJ,IAH,-4.14,38.509799957300004,-107.893997192,29.984399795532227,-95.34140014648438
UA,CLE,MCO,-4.19,41.4117012024,-81.8498001099,28.429399490356445,-81.30899810791016
UA,MKE,DEN,-4.27,42.947200775146484,-87.89659881591797,39.861698150635,-104.672996521
UA,IAH,STT,-4.3,29.984399795532227,-95.34140014648438,18.337299346923828,-64.97339630126953
UA,LAX,MSN,-4.45,33.94250107,-118.4079971,43.13990020751953,-89.3375015258789
UA,IAH,BTR,-4.53,29.984399795532227,-95.34140014648438,30.533199,-91.149597
UA,SAT,DEN,-4.55,29.533700942993164,-98.46980285644531,39.861698150635,-104.672996521
UA,CMH,IAH,-4.6,39.998001,-82.891899,29.984399795532227,-95.34140014648438
UA,PVD,EWR,-4.88,41.732601,-71.420403,40.692501068115234,-74.168701171875
UA,SEA,LAX,-4.89,47.449001,-122.308998,33.94250107,-118.4079971
UA,PHX,LAX,-4.92,33.43429946899414,-112.01200103759766,33.94250107,-118.4079971
UA,MIA,IAD,-4.98,25.79319953918457,-80.29060363769531,38.94449997,-77.45580292
UA,LAX,PHX,-4.98,33.94250107,-118.4079971,33.43429946899414,-112.01200103759766
UA,LGA,MTJ,-5.16,40.77719879,-73.87259674,38.509799957300004,-107.893997192
UA,KOA,DEN,-5.24,19.738783,-156.045603,39.861698150635,-104.672996521
UA,GUC,IAH,-5.27,38.53390121,-106.9329987,29.984399795532227,-95.34140014648438
UA,PNS,IAH,-5.4,30.473400115967,-87.186599731445,29.984399795532227,-95.34140014648438
UA,SMF,SFO,-5.41,38.69540023803711,-121.59100341796875,37.61899948120117,-122.375
UA,IAD,MIA,-5.47,38.94449997,-77.45580292,25.79319953918457,-80.29060363769531
UA,CLE,FLL,-5.66,41.4117012024,-81.8498001099,26.072599,-80.152702
UA,RDU,MSN,-6,35.877601623535156,-78.7874984741211,43.13990020751953,-89.3375015258789
UA,OMA,SFO,-6.14,41.3032,-95.894096,37.61899948120117,-122.375
UA,PHX,IAD,-6.14,33.43429946899414,-112.01200103759766,38.94449997,-77.45580292
UA,DEN,SRQ,-6.4,39.861698150635,-104.672996521,27.39539909362793,-82.55439758300781
UA,IAD,BTV,-6.5,38.94449997,-77.45580292,44.471900939899996,-73.15329742429999
UA,BHM,IAH,-6.7,33.56290054,-86.75350189,29.984399795532227,-95.34140014648438
UA,LAS,FLL,-6.8,36.08010101,-115.1520004,26.072599,-80.152702
UA,SAT,EWR,-7.07,29.533700942993164,-98.46980285644531,40.692501068115234,-74.168701171875
UA,ORD,BHM,-7.2,41.9786,-87.9048,33.56290054,-86.75350189
UA,PHL,MSP,-7.2,39.87189865112305,-75.24109649658203,44.882,-93.221802
UA,BOS,MSN,-7.3,42.36429977,-71.00520325,43.13990020751953,-89.3375015258789
UA,MSN,SFO,-7.5,43.13990020751953,-89.3375015258789,37.61899948120117,-122.375
UA,SMF,LAS,-8,38.69540023803711,-121.59100341796875,36.08010101,-115.1520004
UA,SYR,IAD,-8,43.11119842529297,-76.1063003540039,38.94449997,-77.45580292
UA,DEN,BTV,-8.03,39.861698150635,-104.672996521,44.471900939899996,-73.15329742429999
UA,IND,IAD,-8.05,39.7173,-86.294403,38.94449997,-77.45580292
UA,SDF,ORD,-8.07,38.1744,-85.736,41.9786,-87.9048
UA,LAX,SDF,-8.08,33.94250107,-118.4079971,38.1744,-85.736
UA,SAT,SFO,-8.23,29.533700942993164,-98.46980285644531,37.61899948120117,-122.375
UA,MSO,ORD,-8.24,46.91630173,-114.0910034,41.9786,-87.9048
UA,IAD,MSN,-8.3,38.94449997,-77.45580292,43.13990020751953,-89.3375015258789
UA,MTJ,LGA,-8.3,38.509799957300004,-107.893997192,40.77719879,-73.87259674
UA,SDF,DEN,-8.63,38.1744,-85.736,39.861698150635,-104.672996521
UA,SRQ,DEN,-8.65,27.39539909362793,-82.55439758300781,39.861698150635,-104.672996521
UA,BHM,DEN,-9,33.56290054,-86.75350189,39.861698150635,-104.672996521
UA,RIC,EWR,-9,37.50519943237305,-77.3197021484375,40.692501068115234,-74.168701171875
UA,ABQ,SFO,-9.07,35.040199,-106.609001,37.61899948120117,-122.375
UA,SJU,CLE,-9.1,18.4393997192,-66.0018005371,41.4117012024,-81.8498001099
UA,IAH,PNS,-9.2,29.984399795532227,-95.34140014648438,30.473400115967,-87.186599731445
UA,HDN,DEN,-9.2,40.48120117,-107.2180023,39.861698150635,-104.672996521
UA,MSN,IAH,-9.31,43.13990020751953,-89.3375015258789,29.984399795532227,-95.34140014648438
UA,DEN,SDF,-9.46,39.861698150635,-104.672996521,38.1744,-85.736
UA,FLL,LAS,-9.6,26.072599,-80.152702,36.08010101,-115.1520004
UA,SEA,LAS,-9.8,47.449001,-122.308998,36.08010101,-115.1520004
UA,CLT,IAD,-10,35.2140007019043,-80.94309997558594,38.94449997,-77.45580292
UA,ORD,MSO,-10.34,41.9786,-87.9048,46.91630173,-114.0910034
UA,LIH,DEN,-10.59,21.97599983215332,-159.33900451660156,39.861698150635,-104.672996521
UA,LAX,AUS,-10.62,33.94250107,-118.4079971,30.194499969482422,-97.6698989868164
UA,BWI,EWR,-10.8,39.1754,-76.668297,40.692501068115234,-74.168701171875
UA,LAS,RDU,-10.8,36.08010101,-115.1520004,35.877601623535156,-78.7874984741211
UA,EWR,MEM,-10.95,40.692501068115234,-74.168701171875,35.04240036010742,-89.97669982910156
UA,LAX,MSP,-11,33.94250107,-118.4079971,44.882,-93.221802
UA,IAD,CMH,-11,38.94449997,-77.45580292,39.998001,-82.891899
UA,FAI,SFO,-11.11,64.81510162,-147.8560028,37.61899948120117,-122.375
UA,BOI,ORD,-11.4,43.5644,-116.223,41.9786,-87.9048
UA,LAS,SEA,-11.5,36.08010101,-115.1520004,47.449001,-122.308998
UA,LAS,AUS,-11.6,36.08010101,-115.1520004,30.194499969482422,-97.6698989868164
UA,SFO,TUS,-11.65,37.61899948120117,-122.375,32.1161003112793,-110.94100189208984
UA,IAH,ONT,-12,29.984399795532227,-95.34140014648438,34.055999755859375,-117.60099792480469
UA,DEN,ELP,-12.13,39.861698150635,-104.672996521,31.80719948,-106.3779984
UA,PBI,DEN,-12.45,26.68320083618164,-80.09559631347656,39.861698150635,-104.672996521
UA,MSN,IAD,-12.6,43.13990020751953,-89.3375015258789,38.94449997,-77.45580292
UA,IAD,GSP,-13,38.94449997,-77.45580292,34.8956985474,-82.2189025879
UA,TYS,ORD,-14,35.81100082,-83.9940033,41.9786,-87.9048
UA,IAD,SYR,-15.2,38.94449997,-77.45580292,43.11119842529297,-76.1063003540039
UA,SAT,LAX,-15.27,29.533700942993164,-98.46980285644531,33.94250107,-118.4079971
UA,ORD,TYS,-16.33,41.9786,-87.9048,35.81100082,-83.9940033
UA,RDU,LAS,-16.6,35.877601623535156,-78.7874984741211,36.08010101,-115.1520004
UA,DEN,BHM,-16.8,39.861698150635,-104.672996521,33.56290054,-86.75350189
UA,DEN,PBI,-17.35,39.861698150635,-104.672996521,26.68320083618164,-80.09559631347656
UA,LAX,SAT,-18.08,33.94250107,-118.4079971,29.533700942993164,-98.46980285644531
UA,TUS,SFO,-19.1,32.1161003112793,-110.94100189208984,37.61899948120117,-122.375
UA,BOI,LAX,-19.2,43.5644,-116.223,33.94250107,-118.4079971
UA,BOS,CLE,-20.2,42.36429977,-71.00520325,41.4117012024,-81.8498001099
UA,ORD,BOI,-20.5,41.9786,-87.9048,43.5644,-116.223
UA,LAS,PIT,-20.6,36.08010101,-115.1520004,40.49150085,-80.23290253
UA,LAS,BOS,-21.1,36.08010101,-115.1520004,42.36429977,-71.00520325
UA,SFO,ABQ,-21.76,37.61899948120117,-122.375,35.040199,-106.609001
UA,EWR,CMH,-21.8,40.692501068115234,-74.168701171875,39.998001,-82.891899
UA,MKE,IAH,-26.8,42.947200775146484,-87.89659881591797,29.984399795532227,-95.34140014648438
UA,LAX,ATL,-27.67,33.94250107,-118.4079971,33.6367,-84.428101
UA,EUG,DFW,0,44.12459945678711,-123.21199798583984,32.896801,-97.038002
